State,County,Poverty Estimate,Poverty Percent
Alabama,Autauga,"6,242",11.2
Alabama,Baldwin,"20,189",8.9
Alabama,Barbour,"5,548",25.5
Alabama,Bibb,"3,549",17.8
Alabama,Blount,"7,525",13.1
Alabama,Bullock,"2,552",30.8
Alabama,Butler,"3,954",20.6
Alabama,Calhoun,"15,915",14.5
Alabama,Chambers,"5,266",16.3
Alabama,Cherokee,"3,827",14.7
Alabama,Chilton,"6,094",13.9
Alabama,Choctaw,"2,506",20.4
Alabama,Clarke,"4,471",19.5
Alabama,Clay,"1,818",14.2
Alabama,Cleburne,"2,099",14.2
Alabama,Coffee,"7,303",13.9
Alabama,Colbert,"7,864",14.4
Alabama,Conecuh,"2,701",22.9
Alabama,Coosa,"1,808",17.4
Alabama,Covington,"6,219",17.1
Alabama,Crenshaw,"2,262",16.8
Alabama,Cullman,"10,381",12.5
Alabama,Dale,"7,440",15.5
Alabama,Dallas,"9,471",26.7
Alabama,DeKalb,"10,778",15.2
Alabama,Elmore,"8,972",11.5
Alabama,Escambia,"6,892",20.4
Alabama,Etowah,"15,650",15.6
Alabama,Fayette,"2,640",16.5
Alabama,Franklin,"5,357",17.2
Alabama,Geneva,"5,492",21.0
Alabama,Greene,"2,210",27.9
Alabama,Hale,"3,166",21.9
Alabama,Henry,"2,743",16.2
Alabama,Houston,"15,534",14.8
Alabama,Jackson,"7,777",15.3
Alabama,Jefferson,"92,310",14.4
Alabama,Lamar,"2,348",17.4
Alabama,Lauderdale,"12,630",13.9
Alabama,Lawrence,"5,005",15.4
Alabama,Lee,"28,901",17.9
Alabama,Limestone,"10,285",10.4
Alabama,Lowndes,"2,083",21.9
Alabama,Macon,"4,543",27.9
Alabama,Madison,"39,100",10.5
Alabama,Marengo,"3,370",18.3
Alabama,Marion,"4,843",16.8
Alabama,Marshall,"14,754",15.4
Alabama,Mobile,"71,398",17.6
Alabama,Monroe,"4,552",22.5
Alabama,Montgomery,"44,058",20.4
Alabama,Morgan,"16,995",14.4
Alabama,Perry,"2,443",30.7
Alabama,Pickens,"4,050",22.7
Alabama,Pike,"6,101",19.7
Alabama,Randolph,"3,933",17.5
Alabama,Russell,"11,702",20.3
Alabama,St. Clair,"9,384",10.5
Alabama,Shelby,"15,227",7.0
Alabama,Sumter,"3,338",29.2
Alabama,Talladega,"12,958",16.9
Alabama,Tallapoosa,"6,004",15.2
Alabama,Tuscaloosa,"28,776",14.4
Alabama,Walker,"10,219",16.4
Alabama,Washington,"2,769",17.5
Alabama,Wilcox,"2,240",22.2
Alabama,Winston,"4,036",17.4
Alaska,Aleutians East Borough,514,15.1
Alaska,Aleutians West Census Area,443,8.1
Alaska,Anchorage Borough,"23,200",8.3
Alaska,Bethel Census Area,"4,567",25.3
Alaska,Bristol Bay Borough,82,10.7
Alaska,Chugach Census Area,441,7.0
Alaska,Copper River Census Area,368,12.7
Alaska,Denali Borough,127,6.4
Alaska,Dillingham Census Area,894,18.7
Alaska,Fairbanks North Star Borough,"6,565",7.2
Alaska,Haines Borough,251,9.6
Alaska,Hoonah-Angoon Census Area,271,12.7
Alaska,Juneau Borough,"2,510",8.1
Alaska,Kenai Peninsula Borough,"6,171",10.6
Alaska,Ketchikan Gateway Borough,"1,127",8.3
Alaska,Kodiak Island Borough,957,7.5
Alaska,Kusilvak Census Area,"2,305",27.9
Alaska,Lake and Peninsula Borough,261,17.6
Alaska,Matanuska-Susitna Borough,"9,365",8.7
Alaska,Nome Census Area,"1,825",18.8
Alaska,North Slope Borough,"1,025",11.1
Alaska,Northwest Arctic Borough,"1,397",18.5
Alaska,Petersburg Borough,242,7.4
Alaska,Prince of Wales-Hyder Census Area,975,15.9
Alaska,Sitka Borough,609,7.4
Alaska,Skagway Municipality,45,3.8
Alaska,Southeast Fairbanks Census Area,805,11.7
Alaska,Wrangell City and Borough,264,10.6
Alaska,Yakutat Borough,79,12.4
Alaska,Yukon-Koyukuk Census Area,"1,029",20.5
Arizona,Apache,"22,939",32.4
Arizona,Cochise,"17,815",14.6
Arizona,Coconino,"22,540",17.2
Arizona,Gila,"8,911",16.7
Arizona,Graham,"5,523",15.2
Arizona,Greenlee,776,8.4
Arizona,La Paz,"4,405",20.8
Arizona,Maricopa,"520,797",11.6
Arizona,Mohave,"32,550",15.3
Arizona,Navajo,"25,532",23.3
Arizona,Pima,"154,790",14.9
Arizona,Pinal,"50,810",11.1
Arizona,Santa Cruz,"7,810",16.8
Arizona,Yavapai,"25,610",10.8
Arizona,Yuma,"31,745",15.2
Arkansas,Arkansas,"448,665",15.2
Arkansas,Arkansas,"2,940",17.2
Arkansas,Ashley,"3,279",17.1
Arkansas,Baxter,"6,013",14.4
Arkansas,Benton,"25,970",9.1
Arkansas,Boone,"5,255",14.1
Arkansas,Bradley,"2,156",20.6
Arkansas,Calhoun,798,16.2
Arkansas,Carroll,"3,935",14.1
Arkansas,Chicot,"2,467",26.8
Arkansas,Clark,"3,830",20.1
Arkansas,Clay,"2,577",18.1
Arkansas,Cleburne,"3,563",14.5
Arkansas,Cleveland,"1,086",13.8
Arkansas,Columbia,"3,857",18.3
Arkansas,Conway,"3,273",15.8
Arkansas,Craighead,"18,130",16.8
Arkansas,Crawford,"9,012",14.4
Arkansas,Crittenden,"10,671",22.9
Arkansas,Cross,"3,357",21.2
Arkansas,Dallas,"1,244",19.5
Arkansas,Desha,"2,507",22.8
Arkansas,Drew,"3,152",18.4
Arkansas,Faulkner,"14,653",12.0
Arkansas,Franklin,"2,692",15.3
Arkansas,Fulton,"2,077",17.0
Arkansas,Garland,"15,359",15.7
Arkansas,Grant,"1,809",9.9
Arkansas,Greene,"7,696",17.1
Arkansas,Hempstead,"3,914",18.7
Arkansas,Hot Spring,"4,709",14.9
Arkansas,Howard,"2,150",16.7
Arkansas,Independence,"5,499",15.0
Arkansas,Izard,"2,539",20.1
Arkansas,Jackson,"3,344",23.1
Arkansas,Jefferson,"11,303",18.9
Arkansas,Johnson,"4,465",17.3
Arkansas,Lafayette,"1,289",19.8
Arkansas,Lawrence,"3,006",19.2
Arkansas,Lee,"2,527",36.8
Arkansas,Lincoln,"2,223",23.6
Arkansas,Little River,"1,943",16.2
Arkansas,Logan,"3,308",15.8
Arkansas,Lonoke,"7,974",10.9
Arkansas,Madison,"2,797",16.9
Arkansas,Marion,"3,165",19.1
Arkansas,Miller,"8,050",19.2
Arkansas,Mississippi,"8,235",21.0
Arkansas,Monroe,"1,543",23.8
Arkansas,Montgomery,"1,666",18.8
Arkansas,Nevada,"1,512",19.1
Arkansas,Newton,"1,406",18.7
Arkansas,Ouachita,"4,669",20.5
Arkansas,Perry,"1,506",14.7
Arkansas,Phillips,"3,767",22.1
Arkansas,Pike,"1,932",18.6
Arkansas,Poinsett,"4,857",21.2
Arkansas,Polk,"3,538",18.1
Arkansas,Pope,"8,552",14.1
Arkansas,Prairie,"1,137",14.5
Arkansas,Pulaski,"59,031",15.3
Arkansas,Randolph,"2,912",16.3
Arkansas,St. Francis,"6,199",30.1
Arkansas,Saline,"10,057",8.2
Arkansas,Scott,"1,756",17.5
Arkansas,Searcy,"1,732",22.3
Arkansas,Sebastian,"21,137",16.8
Arkansas,Sevier,"2,755",16.7
Arkansas,Sharp,"3,110",18.1
Arkansas,Stone,"2,513",20.1
Arkansas,Union,"6,381",16.9
Arkansas,Van Buren,"2,674",16.4
Arkansas,Washington,"30,994",13.2
Arkansas,White,"11,176",14.8
Arkansas,Woodruff,"1,386",22.6
Arkansas,Yell,"2,971",14.3
California,Alameda,"139,636",8.6
California,Alpine,159,14.3
California,Amador,"3,678",10.3
California,Butte,"35,963",17.3
California,Calaveras,"5,310",11.6
California,Colusa,"2,200",10.3
California,Contra Costa,"82,136",7.2
California,Del Norte,"4,604",18.5
California,El Dorado,"15,992",8.4
California,Fresno,"168,153",17.1
California,Glenn,"3,470",12.4
California,Humboldt,"20,847",15.8
California,Imperial,"31,134",18.1
California,Inyo,"1,940",10.9
California,Kern,"159,609",18.3
California,Kings,"19,874",14.5
California,Lake,"10,131",15.9
California,Lassen,"3,555",15.5
California,Los Angeles,"1,289,368",13.2
California,Madera,"21,211",14.1
California,Marin,"15,119",6.0
California,Mariposa,"2,258",13.3
California,Mendocino,"12,099",14.3
California,Merced,"44,302",16.3
California,Modoc,"1,529",17.9
California,Mono,"1,285",9.0
California,Monterey,"47,870",11.6
California,Napa,"10,356",7.9
California,Nevada,"9,040",9.2
California,Orange,"280,128",9.0
California,Placer,"25,815",6.5
California,Plumas,"2,509",13.5
California,Riverside,"275,176",11.2
California,Sacramento,"192,386",12.5
California,San Benito,"5,025",7.9
California,San Bernardino,"308,021",14.3
California,San Diego,"306,807",9.5
California,San Francisco,"85,356",10.0
California,San Joaquin,"104,295",13.9
California,San Luis Obispo,"28,338",10.6
California,San Mateo,"41,158",5.5
California,Santa Barbara,"44,777",10.5
California,Santa Clara,"123,516",6.6
California,Santa Cruz,"27,524",10.7
California,Shasta,"24,570",13.9
California,Sierra,331,11.5
California,Siskiyou,"6,086",14.3
California,Solano,"40,283",9.3
California,Sonoma,"37,609",7.8
California,Stanislaus,"70,568",13.0
California,Sutter,"10,984",11.5
California,Tehama,"8,467",13.3
California,Trinity,"2,162",18.0
California,Tulare,"79,348",17.1
California,Tuolumne,"6,158",12.1
California,Ventura,"75,060",9.1
California,Yolo,"31,066",14.8
California,Yuba,"12,816",16.3
Colorado,Adams,"48,180",9.4
Colorado,Alamosa,"2,563",16.7
Colorado,Arapahoe,"45,760",7.0
Colorado,Archuleta,"1,319",9.4
Colorado,Baca,585,16.9
Colorado,Bent,"1,033",26.6
Colorado,Boulder,"30,205",9.5
Colorado,Broomfield,"2,983",4.2
Colorado,Chaffee,"1,844",9.6
Colorado,Cheyenne,214,12.3
Colorado,Clear Creek,695,7.3
Colorado,Conejos,"1,422",17.6
Colorado,Costilla,854,21.8
Colorado,Crowley,"1,118",37.2
Colorado,Custer,611,12.2
Colorado,Delta,"3,690",12.1
Colorado,Denver,"89,598",12.4
Colorado,Dolores,262,12.5
Colorado,Douglas,"10,942",3.0
Colorado,Eagle,"3,517",6.4
Colorado,Elbert,"1,304",4.8
Colorado,El Paso,"64,656",9.1
Colorado,Fremont,"6,083",15.2
Colorado,Garfield,"3,965",6.7
Colorado,Gilpin,408,6.6
Colorado,Grand,"1,071",6.8
Colorado,Gunnison,"1,595",9.6
Colorado,Hinsdale,58,7.2
Colorado,Huerfano,"1,337",19.9
Colorado,Jackson,161,11.6
Colorado,Jefferson,"34,963",6.1
Colorado,Kiowa,173,12.0
Colorado,Kit Carson,764,10.8
Colorado,Lake,831,10.6
Colorado,La Plata,"5,447",10.0
Colorado,Larimer,"34,579",9.9
Colorado,Las Animas,"2,245",16.4
Colorado,Lincoln,727,15.6
Colorado,Logan,"2,420",13.1
Colorado,Mesa,"16,752",11.1
Colorado,Mineral,67,8.7
Colorado,Moffat,"1,290",9.9
Colorado,Montezuma,"3,374",12.9
Colorado,Montrose,"4,477",10.4
Colorado,Morgan,"2,969",10.5
Colorado,Otero,"3,116",17.6
Colorado,Ouray,333,6.7
Colorado,Park,"1,476",7.8
Colorado,Phillips,440,10.2
Colorado,Pitkin,"1,136",6.4
Colorado,Prowers,"1,910",16.2
Colorado,Pueblo,"23,367",14.1
Colorado,Rio Blanco,597,9.8
Colorado,Rio Grande,"1,475",13.3
Colorado,Routt,"1,595",6.3
Colorado,Saguache,"1,284",18.6
Colorado,San Juan,84,11.3
Colorado,San Miguel,611,7.6
Colorado,Sedgwick,294,13.2
Colorado,Summit,"1,866",6.1
Colorado,Teller,"1,856",7.3
Colorado,Washington,551,11.8
Colorado,Weld,"29,123",8.9
Colorado,Yuma,"1,124",11.5
Connecticut,Fairfield,"81,309",8.8
Connecticut,Hartford,"92,518",10.7
Connecticut,Litchfield,"13,160",7.4
Connecticut,Middlesex,"12,020",7.7
Connecticut,New Haven,"92,869",11.2
Connecticut,New London,"20,478",8.0
Connecticut,Tolland,"9,362",6.9
Connecticut,Windham,"11,719",10.4
Delaware,Delaware,"104,400",10.9
Delaware,Kent,"23,168",13.0
Delaware,New Castle,"55,026",10.1
Delaware,Sussex,"26,206",11.0
District of Columbia,District of Columbia,"101,959",15.0
District of Columbia,District of Columbia,"101,959",15.0
Florida,Alachua,"44,315",17.2
Florida,Baker,"3,416",12.8
Florida,Bay,"20,719",12.4
Florida,Bradford,"4,242",17.5
Florida,Brevard,"59,282",9.9
Florida,Broward,"214,119",11.0
Florida,Calhoun,"2,512",20.3
Florida,Charlotte,"18,781",9.8
Florida,Citrus,"18,933",12.6
Florida,Clay,"19,482",8.9
Florida,Collier,"39,254",10.1
Florida,Columbia,"10,444",15.6
Florida,DeSoto,"7,387",20.8
Florida,Dixie,"3,538",23.2
Florida,Duval,"143,438",15.2
Florida,Escambia,"41,047",13.5
Florida,Flagler,"11,058",9.4
Florida,Franklin,"1,998",19.1
Florida,Gadsden,"9,356",21.9
Florida,Gilchrist,"2,555",14.5
Florida,Glades,"2,302",18.1
Florida,Gulf,"1,977",15.1
Florida,Hamilton,"2,846",24.2
Florida,Hardee,"5,373",21.2
Florida,Hendry,"9,651",22.9
Florida,Hernando,"24,571",12.5
Florida,Highlands,"16,905",16.1
Florida,Hillsborough,"175,650",11.9
Florida,Holmes,"3,651",20.5
Florida,Indian River,"13,959",8.7
Florida,Jackson,"7,738",19.5
Florida,Jefferson,"2,281",17.2
Florida,Lafayette,"1,494",20.7
Florida,Lake,"34,282",9.2
Florida,Lee,"81,863",10.5
Florida,Leon,"49,598",17.6
Florida,Levy,"7,055",16.9
Florida,Liberty,"1,342",21.2
Florida,Madison,"3,969",23.8
Florida,Manatee,"44,512",10.9
Florida,Marion,"55,608",15.3
Florida,Martin,"17,627",11.1
Florida,Miami-Dade,"399,797",15.0
Florida,Monroe,"7,404",10.2
Florida,Nassau,"7,348",8.1
Florida,Okaloosa,"19,813",9.6
Florida,Okeechobee,"6,933",17.7
Florida,Orange,"174,206",12.7
Florida,Osceola,"45,150",11.8
Florida,Palm Beach,"178,480",12.0
Florida,Pasco,"64,340",11.4
Florida,Pinellas,"106,309",11.1
Florida,Polk,"104,836",14.4
Florida,Putnam,"17,792",24.3
Florida,St. Johns,"22,314",8.1
Florida,St. Lucie,"45,996",13.8
Florida,Santa Rosa,"17,152",9.4
Florida,Sarasota,"37,949",8.7
Florida,Seminole,"37,499",8.0
Florida,Sumter,"16,128",12.3
Florida,Suwannee,"7,489",17.7
Florida,Taylor,"3,680",19.3
Florida,Union,"2,139",20.7
Florida,Volusia,"63,322",11.6
Florida,Wakulla,"3,204",10.3
Florida,Walton,"8,470",11.4
Florida,Washington,"4,763",20.4
Goergia,Appling,"3,550",19.9
Goergia,Atkinson,"1,801",21.6
Goergia,Bacon,"2,261",21.1
Goergia,Baker,701,23.7
Goergia,Baldwin,"8,910",22.6
Goergia,Banks,"2,245",11.6
Goergia,Barrow,"8,629",10.1
Goergia,Bartow,"10,991",10.2
Goergia,Ben Hill,"3,636",22.3
Goergia,Berrien,"3,610",18.9
Goergia,Bibb,"40,946",28.0
Goergia,Bleckley,"2,134",18.5
Goergia,Brantley,"3,386",17.8
Goergia,Brooks,"3,140",20.6
Goergia,Bryan,"3,249",8.0
Goergia,Bulloch,"15,342",20.7
Goergia,Burke,"4,455",20.0
Goergia,Butts,"4,651",20.8
Goergia,Calhoun,"1,555",34.4
Goergia,Camden,"5,021",9.4
Goergia,Candler,"2,143",20.1
Goergia,Carroll,"19,693",16.8
Goergia,Catoosa,"6,796",10.1
Goergia,Charlton,"2,781",25.5
Goergia,Chatham,"43,011",15.6
Goergia,Chattahoochee,"1,222",15.6
Goergia,Chattooga,"4,431",18.8
Goergia,Cherokee,"17,630",6.7
Goergia,Clarke,"28,845",24.6
Goergia,Clay,675,24.1
Goergia,Clayton,"48,136",16.8
Goergia,Clinch,"1,326",20.4
Goergia,Cobb,"69,097",9.2
Goergia,Coffee,"9,184",23.1
Goergia,Colquitt,"9,078",20.4
Goergia,Columbia,"10,629",6.7
Goergia,Cook,"3,340",19.5
Goergia,Coweta,"12,862",8.6
Goergia,Crawford,"1,941",16.1
Goergia,Crisp,"5,282",24.5
Goergia,Dade,"1,954",13.0
Goergia,Dawson,"2,332",8.7
Goergia,Decatur,"6,495",25.6
Goergia,DeKalb,"118,345",15.8
Goergia,Dodge,"3,980",21.4
Goergia,Dooly,"3,040",27.0
Goergia,Dougherty,"22,686",27.4
Goergia,Douglas,"16,770",11.5
Goergia,Early,"2,371",24.0
Goergia,Echols,821,20.6
Goergia,Effingham,"5,293",8.1
Goergia,Elbert,"4,528",23.8
Goergia,Emanuel,"5,584",26.4
Goergia,Evans,"2,002",19.6
Goergia,Fannin,"4,111",15.6
Goergia,Fayette,"6,079",5.3
Goergia,Floyd,"17,472",18.4
Goergia,Forsyth,"12,669",5.1
Goergia,Franklin,"3,708",16.3
Goergia,Fulton,"136,220",13.0
Goergia,Gilmer,"4,437",14.0
Goergia,Glascock,447,15.5
Goergia,Glynn,"13,107",15.5
Goergia,Gordon,"6,829",11.8
Goergia,Grady,"4,527",18.7
Goergia,Greene,"2,849",15.3
Goergia,Gwinnett,"97,747",10.4
Goergia,Habersham,"5,963",13.7
Goergia,Hall,"25,886",12.7
Goergia,Hancock,"2,202",30.7
Goergia,Haralson,"4,633",15.5
Goergia,Harris,"3,195",9.0
Goergia,Hart,"3,711",14.4
Goergia,Heard,"1,938",16.4
Goergia,Henry,"20,755",8.7
Goergia,Houston,"17,041",10.8
Goergia,Irwin,"1,720",20.9
Goergia,Jackson,"6,883",9.1
Goergia,Jasper,"2,015",14.0
Goergia,Jeff Davis,"3,003",20.0
Goergia,Jefferson,"3,101",21.1
Goergia,Jenkins,"2,111",28.0
Goergia,Johnson,"2,059",25.9
Goergia,Jones,"3,285",11.6
Goergia,Lamar,"2,504",13.8
Goergia,Lanier,"2,046",19.6
Goergia,Laurens,"9,611",20.7
Goergia,Lee,"2,947",10.1
Goergia,Liberty,"8,886",14.7
Goergia,Lincoln,"1,310",16.5
Goergia,Long,"3,303",16.7
Goergia,Lowndes,"22,695",20.3
Goergia,Lumpkin,"3,896",12.5
Goergia,McDuffie,"3,490",16.7
Goergia,McIntosh,"2,847",19.9
Goergia,Macon,"3,362",31.1
Goergia,Madison,"4,366",14.5
Goergia,Marion,"1,736",20.6
Goergia,Meriwether,"4,617",22.1
Goergia,Miller,"1,091",19.8
Goergia,Mitchell,"7,426",38.2
Goergia,Monroe,"3,447",12.8
Goergia,Montgomery,"1,577",19.3
Goergia,Morgan,"2,251",11.6
Goergia,Murray,"6,319",15.9
Goergia,Muscogee,"40,029",21.1
Goergia,Newton,"15,997",14.4
Goergia,Oconee,"2,468",6.0
Goergia,Oglethorpe,"2,022",13.4
Goergia,Paulding,"12,612",7.3
Goergia,Peach,"5,114",19.2
Goergia,Pickens,"3,423",10.5
Goergia,Pierce,"3,196",16.5
Goergia,Pike,"1,902",10.1
Goergia,Polk,"6,912",16.3
Goergia,Pulaski,"2,027",20.4
Goergia,Putnam,"3,648",16.3
Goergia,Quitman,523,23.1
Goergia,Rabun,"2,341",13.8
Goergia,Randolph,"1,749",27.4
Goergia,Richmond,"48,382",25.5
Goergia,Rockdale,"11,464",12.7
Goergia,Schley,779,15.0
Goergia,Screven,"2,793",20.7
Goergia,Seminole,"1,832",22.9
Goergia,Spalding,"11,835",17.9
Goergia,Stephens,"4,297",16.9
Goergia,Stewart,"1,561",31.3
Goergia,Sumter,"6,726",24.3
Goergia,Talbot,"1,274",20.8
Goergia,Taliaferro,362,23.2
Goergia,Tattnall,"4,330",20.7
Goergia,Taylor,"1,831",23.2
Goergia,Telfair,"3,774",29.9
Goergia,Terrell,"2,287",27.8
Goergia,Thomas,"7,072",16.2
Goergia,Tift,"7,999",20.5
Goergia,Toombs,"5,919",22.2
Goergia,Towns,"1,455",13.2
Goergia,Treutlen,"1,501",23.4
Goergia,Troup,"11,136",16.4
Goergia,Turner,"1,667",22.2
Goergia,Twiggs,"1,593",20.0
Goergia,Union,"3,219",12.9
Goergia,Upson,"3,969",15.2
Goergia,Walker,"9,650",14.1
Goergia,Walton,"10,898",11.4
Goergia,Ware,"8,660",26.0
Goergia,Warren,"1,204",23.4
Goergia,Washington,"3,887",21.3
Goergia,Wayne,"5,497",19.7
Goergia,Webster,482,18.6
Goergia,Wheeler,"1,864",35.6
Goergia,White,"3,778",12.5
Goergia,Whitfield,"13,347",13.0
Goergia,Wilcox,"1,851",27.9
Goergia,Wilkes,"1,919",20.2
Goergia,Wilkinson,"1,732",20.1
Goergia,Worth,"3,590",18.2
Hawaii,Hawaii,"24,301",12.2
Hawaii,Honolulu,"74,186",8.0
Hawaii,Kalawao,.,.
Hawaii,Kauai,"7,005",9.9
Hawaii,Maui,"15,690",9.5
Idaho,Ada,"37,356",7.7
Idaho,Adams,606,13.7
Idaho,Bannock,"10,592",12.2
Idaho,Bear Lake,579,9.5
Idaho,Benewah,"1,167",12.5
Idaho,Bingham,"5,207",11.1
Idaho,Blaine,"1,603",6.9
Idaho,Boise,919,11.5
Idaho,Bonner,"5,859",12.6
Idaho,Bonneville,"11,709",9.7
Idaho,Boundary,"1,758",14.0
Idaho,Butte,373,14.2
Idaho,Camas,94,8.3
Idaho,Canyon,"24,648",10.6
Idaho,Caribou,556,7.9
Idaho,Cassia,"2,425",10.1
Idaho,Clark,99,11.6
Idaho,Clearwater,"1,129",14.0
Idaho,Custer,538,12.7
Idaho,Elmore,"3,132",11.7
Idaho,Franklin,"1,078",7.7
Idaho,Fremont,"1,600",12.6
Idaho,Gem,"2,036",11.0
Idaho,Gooding,"1,747",11.2
Idaho,Idaho,"2,138",13.1
Idaho,Jefferson,"2,586",8.5
Idaho,Jerome,"2,990",12.3
Idaho,Kootenai,"14,595",8.6
Idaho,Latah,"5,840",15.3
Idaho,Lemhi,"1,222",15.3
Idaho,Lewis,492,12.9
Idaho,Lincoln,602,11.4
Idaho,Madison,"5,659",14.3
Idaho,Minidoka,"2,940",14.0
Idaho,Nez Perce,"4,597",11.6
Idaho,Oneida,431,9.7
Idaho,Owyhee,"1,630",13.6
Idaho,Payette,"2,824",11.5
Idaho,Power,942,12.4
Idaho,Shoshone,"1,832",14.4
Idaho,Teton,921,7.4
Idaho,Twin Falls,"9,684",11.1
Idaho,Valley,"1,013",8.7
Idaho,Washington,"1,448",14.2
Illinois,Adams,"6,735",10.7
Illinois,Alexander,"1,312",24.2
Illinois,Bond,"1,586",10.8
Illinois,Boone,"3,559",6.8
Illinois,Brown,757,16.7
Illinois,Bureau,"3,191",10.0
Illinois,Calhoun,418,9.2
Illinois,Carroll,"1,463",10.5
Illinois,Cass,"1,425",12.2
Illinois,Champaign,"29,150",15.1
Illinois,Christian,"3,003",9.9
Illinois,Clark,"1,563",10.4
Illinois,Clay,"1,712",13.3
Illinois,Clinton,"2,501",7.1
Illinois,Coles,"8,284",17.5
Illinois,Cook,"646,192",12.9
Illinois,Crawford,"1,876",11.0
Illinois,Cumberland,931,8.9
Illinois,DeKalb,"10,691",10.8
Illinois,De Witt,"1,489",9.9
Illinois,Douglas,"1,576",8.2
Illinois,DuPage,"53,259",5.9
Illinois,Edgar,"1,933",11.7
Illinois,Edwards,676,10.7
Illinois,Effingham,"3,128",9.3
Illinois,Fayette,"2,884",14.7
Illinois,Ford,"1,180",9.5
Illinois,Franklin,"5,795",15.5
Illinois,Fulton,"4,091",13.2
Illinois,Gallatin,743,15.6
Illinois,Greene,"1,641",13.3
Illinois,Grundy,"3,009",5.9
Illinois,Hamilton,"1,040",13.0
Illinois,Hancock,"1,918",11.2
Illinois,Hardin,684,18.0
Illinois,Henderson,687,10.6
Illinois,Henry,"4,583",9.6
Illinois,Iroquois,"2,923",11.2
Illinois,Jackson,"9,154",17.2
Illinois,Jasper,898,9.6
Illinois,Jefferson,"4,369",12.5
Illinois,Jersey,"1,775",8.5
Illinois,Jo Daviess,"1,906",9.1
Illinois,Johnson,"1,645",14.9
Illinois,Kane,"38,218",7.3
Illinois,Kankakee,"14,004",13.6
Illinois,Kendall,"5,078",3.9
Illinois,Knox,"6,027",13.4
Illinois,Lake,"46,919",7.0
Illinois,La Salle,"11,840",11.4
Illinois,Lawrence,"2,147",16.5
Illinois,Lee,"3,247",10.6
Illinois,Livingston,"3,274",9.9
Illinois,Logan,"2,812",11.6
Illinois,McDonough,"4,363",16.8
Illinois,McHenry,"18,998",6.3
Illinois,McLean,"17,168",10.7
Illinois,Macon,"12,674",12.8
Illinois,Macoupin,"4,707",10.8
Illinois,Madison,"28,469",11.0
Illinois,Marion,"5,125",14.2
Illinois,Marshall,"1,025",9.3
Illinois,Mason,"1,728",13.4
Illinois,Massac,"1,978",14.8
Illinois,Menard,937,7.9
Illinois,Mercer,"1,317",8.8
Illinois,Monroe,"1,400",4.1
Illinois,Montgomery,"3,436",13.5
Illinois,Morgan,"3,755",12.4
Illinois,Moultrie,"1,265",9.1
Illinois,Ogle,"4,132",8.3
Illinois,Peoria,"24,583",14.2
Illinois,Perry,"2,732",15.1
Illinois,Piatt,"1,034",6.4
Illinois,Pike,"1,983",13.5
Illinois,Pope,630,15.6
Illinois,Pulaski,"1,056",20.4
Illinois,Putnam,413,7.3
Illinois,Randolph,"3,251",12.0
Illinois,Richland,"1,794",11.9
Illinois,Rock Island,"18,365",13.5
Illinois,St. Clair,"35,007",13.8
Illinois,Saline,"3,414",15.3
Illinois,Sangamon,"24,310",12.8
Illinois,Schuyler,778,11.7
Illinois,Scott,525,10.8
Illinois,Shelby,"1,879",8.9
Illinois,Stark,558,10.8
Illinois,Stephenson,"4,794",11.2
Illinois,Tazewell,"9,695",7.6
Illinois,Union,"2,282",14.0
Illinois,Vermilion,"13,397",18.6
Illinois,Wabash,"1,295",11.7
Illinois,Warren,"1,670",10.7
Illinois,Washington,"1,030",7.6
Illinois,Wayne,"2,052",12.9
Illinois,White,"1,993",15.4
Illinois,Whiteside,"4,872",9.1
Illinois,Will,"48,881",7.2
Illinois,Williamson,"8,914",13.9
Illinois,Winnebago,"40,305",14.6
Illinois,Woodford,"2,281",6.2
Indiana,Adams,"4,154",11.8
Indiana,Allen,"42,833",11.4
Indiana,Bartholomew,"7,566",9.1
Indiana,Benton,924,10.7
Indiana,Blackford,"1,555",13.4
Indiana,Boone,"3,547",5.2
Indiana,Brown,"1,473",9.9
Indiana,Carroll,"1,567",7.8
Indiana,Cass,"3,912",10.7
Indiana,Clark,"10,131",8.6
Indiana,Clay,"2,535",9.8
Indiana,Clinton,"3,124",10.0
Indiana,Crawford,"1,646",15.6
Indiana,Daviess,"3,582",10.9
Indiana,Dearborn,"3,813",7.8
Indiana,Decatur,"2,620",10.0
Indiana,De Kalb,"3,779",8.8
Indiana,Delaware,"20,399",19.4
Indiana,Dubois,"2,799",6.7
Indiana,Elkhart,"19,761",9.8
Indiana,Fayette,"3,031",13.5
Indiana,Floyd,"8,922",11.5
Indiana,Fountain,"1,781",10.9
Indiana,Franklin,"1,732",7.7
Indiana,Fulton,"2,364",12.0
Indiana,Gibson,"3,050",9.3
Indiana,Grant,"10,081",16.7
Indiana,Greene,"3,569",11.2
Indiana,Hamilton,"14,489",4.2
Indiana,Hancock,"4,018",5.1
Indiana,Harrison,"3,544",8.8
Indiana,Hendricks,"8,692",5.2
Indiana,Henry,"4,811",10.8
Indiana,Howard,"9,390",11.5
Indiana,Huntington,"3,187",9.1
Indiana,Jackson,"4,489",10.3
Indiana,Jasper,"2,697",8.3
Indiana,Jay,"2,795",13.9
Indiana,Jefferson,"3,798",12.7
Indiana,Jennings,"2,941",10.8
Indiana,Johnson,"10,537",6.7
Indiana,Knox,"5,506",15.9
Indiana,Kosciusko,"6,343",8.2
Indiana,Lagrange,"3,498",8.8
Indiana,Lake,"75,936",15.8
Indiana,La Porte,"12,524",12.1
Indiana,Lawrence,"5,275",11.8
Indiana,Madison,"14,937",12.1
Indiana,Marion,"135,820",14.4
Indiana,Marshall,"4,230",9.3
Indiana,Martin,"1,108",11.2
Indiana,Miami,"4,173",13.1
Indiana,Monroe,"24,316",18.2
Indiana,Montgomery,"4,015",10.8
Indiana,Morgan,"5,939",8.5
Indiana,Newton,"1,434",10.5
Indiana,Noble,"4,662",9.9
Indiana,Ohio,570,9.8
Indiana,Orange,"2,513",13.0
Indiana,Owen,"2,406",11.7
Indiana,Parke,"2,184",14.3
Indiana,Perry,"2,160",12.3
Indiana,Pike,"1,182",9.7
Indiana,Porter,"14,436",8.6
Indiana,Posey,"2,327",9.3
Indiana,Pulaski,"1,360",11.2
Indiana,Putnam,"3,672",11.3
Indiana,Randolph,"2,944",12.4
Indiana,Ripley,"2,658",9.5
Indiana,Rush,"1,582",9.7
Indiana,St. Joseph,"33,070",12.7
Indiana,Scott,"3,244",13.9
Indiana,Shelby,"4,149",9.4
Indiana,Spencer,"1,574",7.9
Indiana,Starke,"3,255",14.2
Indiana,Steuben,"3,210",9.6
Indiana,Sullivan,"2,823",15.5
Indiana,Switzerland,"1,485",14.0
Indiana,Tippecanoe,"28,815",16.1
Indiana,Tipton,"1,093",7.3
Indiana,Union,706,10.0
Indiana,Vanderburgh,"25,669",14.6
Indiana,Vermillion,"1,795",11.9
Indiana,Vigo,"20,134",20.7
Indiana,Wabash,"3,075",10.6
Indiana,Warren,655,8.1
Indiana,Warrick,"3,990",6.4
Indiana,Washington,"3,722",13.4
Indiana,Wayne,"9,531",15.1
Indiana,Wells,"2,254",8.2
Indiana,White,"2,147",9.0
Indiana,Whitley,"2,426",7.2
Iowa,Adair,741,10.8
Iowa,Adams,386,10.8
Iowa,Allamakee,"1,454",10.9
Iowa,Appanoose,"1,791",14.6
Iowa,Audubon,516,9.6
Iowa,Benton,"1,876",7.5
Iowa,Black Hawk,"15,410",12.2
Iowa,Boone,"1,762",6.9
Iowa,Bremer,"1,323",5.6
Iowa,Buchanan,"1,736",8.3
Iowa,Buena Vista,"1,723",9.1
Iowa,Butler,"1,184",8.4
Iowa,Calhoun,876,10.0
Iowa,Carroll,"1,373",7.0
Iowa,Cass,"1,349",10.8
Iowa,Cedar,"1,326",7.3
Iowa,Cerro Gordo,"4,357",10.6
Iowa,Cherokee,975,9.0
Iowa,Chickasaw,978,8.3
Iowa,Clarke,"1,021",11.1
Iowa,Clay,"1,275",8.1
Iowa,Clayton,"1,769",10.4
Iowa,Clinton,"5,717",12.5
Iowa,Crawford,"2,069",12.5
Iowa,Dallas,"4,207",4.4
Iowa,Davis,"1,044",11.7
Iowa,Decatur,"1,201",16.9
Iowa,Delaware,"1,412",8.4
Iowa,Des Moines,"4,953",13.0
Iowa,Dickinson,"1,158",6.7
Iowa,Dubuque,"8,322",8.9
Iowa,Emmet,878,10.2
Iowa,Fayette,"2,174",11.8
Iowa,Floyd,"1,421",9.3
Iowa,Franklin,"1,026",10.5
Iowa,Fremont,601,9.1
Iowa,Greene,932,10.7
Iowa,Grundy,666,5.5
Iowa,Guthrie,904,8.5
Iowa,Hamilton,"1,164",8.1
Iowa,Hancock,837,8.1
Iowa,Hardin,"1,520",9.6
Iowa,Harrison,"1,129",8.3
Iowa,Henry,"1,948",10.8
Iowa,Howard,942,10.5
Iowa,Humboldt,823,8.8
Iowa,Ida,690,10.3
Iowa,Iowa,"1,013",6.4
Iowa,Jackson,"2,156",11.4
Iowa,Jasper,"2,999",8.5
Iowa,Jefferson,"2,487",14.8
Iowa,Johnson,"20,522",14.1
Iowa,Jones,"1,913",9.9
Iowa,Keokuk,"1,360",13.7
Iowa,Kossuth,"1,439",10.0
Iowa,Lee,"3,689",11.5
Iowa,Linn,"18,011",8.1
Iowa,Louisa,989,9.1
Iowa,Lucas,"1,140",13.5
Iowa,Lyon,726,6.3
Iowa,Madison,"1,218",7.5
Iowa,Mahaska,"2,183",10.2
Iowa,Marion,"2,562",8.0
Iowa,Marshall,"3,849",10.1
Iowa,Mills,"1,186",8.3
Iowa,Mitchell,929,8.9
Iowa,Monona,922,11.0
Iowa,Monroe,868,11.4
Iowa,Montgomery,"1,125",11.6
Iowa,Muscatine,"4,258",10.2
Iowa,O'Brien,"1,117",8.4
Iowa,Osceola,464,7.9
Iowa,Page,"1,785",13.2
Iowa,Palo Alto,817,9.5
Iowa,Plymouth,"1,497",6.0
Iowa,Pocahontas,662,10.2
Iowa,Polk,"55,560",11.5
Iowa,Pottawattamie,"8,407",9.2
Iowa,Poweshiek,"1,945",11.6
Iowa,Ringgold,615,13.3
Iowa,Sac,987,10.5
Iowa,Scott,"20,606",12.1
Iowa,Shelby,934,8.3
Iowa,Sioux,"2,114",6.5
Iowa,Story,"10,920",12.4
Iowa,Tama,"1,772",10.8
Iowa,Taylor,634,10.5
Iowa,Union,"1,422",12.1
Iowa,Van Buren,"1,013",14.4
Iowa,Wapello,"5,256",15.5
Iowa,Warren,"2,497",4.9
Iowa,Washington,"1,526",7.1
Iowa,Wayne,822,13.0
Iowa,Webster,"4,122",12.4
Iowa,Winnebago,905,9.3
Iowa,Winneshiek,"1,645",9.2
Iowa,Woodbury,"11,311",11.3
Iowa,Worth,616,8.5
Iowa,Wright,"1,302",10.7
Kansas,Allen,"1,728",14.5
Kansas,Anderson,991,12.7
Kansas,Atchison,"1,945",13.1
Kansas,Barber,518,12.0
Kansas,Barton,"3,159",12.7
Kansas,Bourbon,"2,016",14.5
Kansas,Brown,"1,221",13.0
Kansas,Butler,"5,576",8.7
Kansas,Chase,246,10.1
Kansas,Chautauqua,574,18.3
Kansas,Cherokee,"2,779",14.3
Kansas,Cheyenne,299,11.8
Kansas,Clark,209,11.0
Kansas,Clay,767,9.8
Kansas,Cloud,990,12.1
Kansas,Coffey,770,9.6
Kansas,Comanche,180,11.2
Kansas,Cowley,"4,564",14.0
Kansas,Crawford,"6,118",16.6
Kansas,Decatur,333,12.4
Kansas,Dickinson,"1,760",9.8
Kansas,Doniphan,906,12.9
Kansas,Douglas,"13,420",11.8
Kansas,Edwards,293,10.8
Kansas,Elk,372,15.1
Kansas,Ellis,"4,397",16.0
Kansas,Ellsworth,535,10.6
Kansas,Finney,"4,290",12.2
Kansas,Ford,"3,323",10.3
Kansas,Franklin,"2,231",8.9
Kansas,Geary,"3,914",12.5
Kansas,Gove,258,10.1
Kansas,Graham,294,12.5
Kansas,Grant,705,10.1
Kansas,Gray,409,7.0
Kansas,Greeley,117,10.0
Kansas,Greenwood,730,12.7
Kansas,Hamilton,251,10.4
Kansas,Harper,682,13.2
Kansas,Harvey,"3,049",9.3
Kansas,Haskell,396,10.2
Kansas,Hodgeman,159,9.1
Kansas,Jackson,"1,212",9.3
Kansas,Jefferson,"1,344",7.2
Kansas,Jewell,364,13.0
Kansas,Johnson,"27,345",4.6
Kansas,Kearny,343,9.4
Kansas,Kingman,662,9.8
Kansas,Kiowa,282,12.3
Kansas,Labette,"2,677",14.0
Kansas,Lane,144,9.6
Kansas,Leavenworth,"6,425",8.5
Kansas,Lincoln,371,12.7
Kansas,Linn,"1,197",12.5
Kansas,Logan,242,9.1
Kansas,Lyon,"3,964",12.6
Kansas,McPherson,"2,123",7.7
Kansas,Marion,"1,104",10.1
Kansas,Marshall,819,8.7
Kansas,Meade,363,9.3
Kansas,Miami,"2,540",7.6
Kansas,Mitchell,559,10.0
Kansas,Montgomery,"5,388",17.8
Kansas,Morris,577,10.5
Kansas,Morton,295,12.1
Kansas,Nemaha,817,8.3
Kansas,Neosho,"2,125",13.8
Kansas,Ness,257,9.6
Kansas,Norton,583,12.9
Kansas,Osage,"1,569",10.1
Kansas,Osborne,389,11.7
Kansas,Ottawa,557,10.0
Kansas,Pawnee,797,14.9
Kansas,Phillips,553,10.9
Kansas,Pottawatomie,"1,675",6.9
Kansas,Pratt,833,9.6
Kansas,Rawlins,273,11.1
Kansas,Reno,"6,176",10.6
Kansas,Republic,438,9.9
Kansas,Rice,895,10.3
Kansas,Riley,"12,336",19.2
Kansas,Rooks,457,9.6
Kansas,Rush,321,11.2
Kansas,Russell,866,12.9
Kansas,Saline,"5,124",9.8
Kansas,Scott,339,7.3
Kansas,Sedgwick,"68,637",13.4
Kansas,Seward,"2,355",11.5
Kansas,Shawnee,"18,039",10.5
Kansas,Sheridan,260,10.5
Kansas,Sherman,733,13.0
Kansas,Smith,356,10.3
Kansas,Stafford,435,11.0
Kansas,Stanton,196,10.2
Kansas,Stevens,516,9.7
Kansas,Sumner,"2,502",11.3
Kansas,Thomas,664,9.1
Kansas,Trego,279,10.4
Kansas,Wabaunsee,574,8.5
Kansas,Wallace,190,12.5
Kansas,Washington,524,9.9
Kansas,Wichita,216,10.6
Kansas,Wilson,"1,172",14.3
Kansas,Woodson,415,14.0
Kansas,Wyandotte,"27,673",16.9
Kentucky,Adair,"3,979",22.1
Kentucky,Allen,"3,221",15.3
Kentucky,Anderson,"2,271",10.0
Kentucky,Ballard,"1,080",14.2
Kentucky,Barren,"7,516",17.3
Kentucky,Bath,"2,769",22.5
Kentucky,Bell,"7,293",29.8
Kentucky,Boone,"8,752",6.5
Kentucky,Bourbon,"2,752",14.1
Kentucky,Boyd,"7,047",15.8
Kentucky,Boyle,"3,783",14.0
Kentucky,Bracken,"1,083",13.2
Kentucky,Breathitt,"3,426",27.9
Kentucky,Breckinridge,"3,437",17.1
Kentucky,Bullitt,"7,053",8.7
Kentucky,Butler,"2,129",17.1
Kentucky,Caldwell,"1,914",15.3
Kentucky,Calloway,"5,609",15.6
Kentucky,Campbell,"9,613",10.6
Kentucky,Carlisle,662,14.4
Kentucky,Carroll,"1,689",16.2
Kentucky,Carter,"4,780",18.5
Kentucky,Casey,"3,524",22.7
Kentucky,Christian,"10,996",16.9
Kentucky,Clark,"5,187",14.4
Kentucky,Clay,"6,711",37.3
Kentucky,Clinton,"2,134",21.5
Kentucky,Crittenden,"1,448",16.8
Kentucky,Cumberland,"1,348",21.0
Kentucky,Daviess,"13,239",13.4
Kentucky,Edmonson,"1,914",15.8
Kentucky,Elliott,"1,815",28.8
Kentucky,Estill,"2,874",20.6
Kentucky,Fayette,"45,575",14.6
Kentucky,Fleming,"2,125",14.6
Kentucky,Floyd,"9,755",28.3
Kentucky,Franklin,"6,341",12.8
Kentucky,Fulton,"1,385",25.2
Kentucky,Gallatin,"1,158",13.3
Kentucky,Garrard,"2,449",14.0
Kentucky,Grant,"3,177",12.8
Kentucky,Graves,"6,602",18.2
Kentucky,Grayson,"5,230",20.5
Kentucky,Green,"2,178",20.1
Kentucky,Greenup,"4,451",13.0
Kentucky,Hancock,"1,248",14.4
Kentucky,Hardin,"12,066",11.2
Kentucky,Harlan,"7,015",28.0
Kentucky,Harrison,"2,526",13.5
Kentucky,Hart,"4,122",22.1
Kentucky,Henderson,"5,862",13.4
Kentucky,Henry,"2,257",14.2
Kentucky,Hickman,864,20.9
Kentucky,Hopkins,"7,860",18.1
Kentucky,Jackson,"3,166",24.0
Kentucky,Jefferson,"85,737",11.4
Kentucky,Jessamine,"5,489",10.5
Kentucky,Johnson,"4,814",22.5
Kentucky,Kenton,"18,156",11.0
Kentucky,Knott,"3,821",27.7
Kentucky,Knox,"8,409",27.8
Kentucky,Larue,"2,064",14.7
Kentucky,Laurel,"10,807",17.9
Kentucky,Lawrence,"3,400",22.3
Kentucky,Lee,"2,009",32.1
Kentucky,Leslie,"2,421",25.8
Kentucky,Letcher,"5,106",24.4
Kentucky,Lewis,"2,892",22.2
Kentucky,Lincoln,"4,434",18.4
Kentucky,Livingston,"1,251",14.0
Kentucky,Logan,"4,084",15.1
Kentucky,Lyon,"1,009",14.4
Kentucky,McCracken,"9,974",15.5
Kentucky,McCreary,"5,567",36.2
Kentucky,McLean,"1,214",13.6
Kentucky,Madison,"13,550",15.5
Kentucky,Magoffin,"3,654",30.9
Kentucky,Marion,"2,951",15.7
Kentucky,Marshall,"3,165",10.3
Kentucky,Martin,"3,073",31.9
Kentucky,Mason,"2,613",15.7
Kentucky,Meade,"3,272",11.6
Kentucky,Menifee,"1,452",22.7
Kentucky,Mercer,"2,843",13.1
Kentucky,Metcalfe,"2,119",21.4
Kentucky,Monroe,"2,328",22.5
Kentucky,Montgomery,"4,337",15.7
Kentucky,Morgan,"2,764",24.5
Kentucky,Muhlenberg,"4,860",16.9
Kentucky,Nelson,"4,228",9.2
Kentucky,Nicholas,"1,195",16.8
Kentucky,Ohio,"3,513",15.0
Kentucky,Oldham,"3,143",5.0
Kentucky,Owen,"1,657",15.1
Kentucky,Owsley,"1,293",30.6
Kentucky,Pendleton,"1,963",13.6
Kentucky,Perry,"5,448",22.0
Kentucky,Pike,"13,151",23.7
Kentucky,Powell,"2,444",20.5
Kentucky,Pulaski,"12,308",19.1
Kentucky,Robertson,371,17.9
Kentucky,Rockcastle,"3,669",22.4
Kentucky,Rowan,"5,265",24.4
Kentucky,Russell,"3,208",18.1
Kentucky,Scott,"4,545",8.0
Kentucky,Shelby,"4,066",8.4
Kentucky,Simpson,"2,194",12.0
Kentucky,Spencer,"1,328",6.8
Kentucky,Taylor,"3,866",15.9
Kentucky,Todd,"2,111",17.3
Kentucky,Trigg,"2,455",16.7
Kentucky,Trimble,"1,028",12.2
Kentucky,Union,"2,486",17.5
Kentucky,Warren,"23,887",18.7
Kentucky,Washington,"1,705",14.2
Kentucky,Wayne,"4,663",23.6
Kentucky,Webster,"1,952",15.6
Kentucky,Whitley,"7,463",21.7
Kentucky,Wolfe,"2,062",29.7
Kentucky,Woodford,"2,389",9.1
Louisiana,Acadia,"12,580",20.7
Louisiana,Allen,"4,474",21.1
Louisiana,Ascension,"12,284",9.6
Louisiana,Assumption,"3,382",15.8
Louisiana,Avoyelles,"7,892",21.6
Louisiana,Beauregard,"5,288",14.5
Louisiana,Bienville,"2,882",22.8
Louisiana,Bossier,"22,118",17.8
Louisiana,Caddo,"48,267",20.9
Louisiana,Calcasieu,"33,070",16.6
Louisiana,Caldwell,"1,974",21.4
Louisiana,Cameron,910,13.1
Louisiana,Catahoula,"2,369",28.4
Louisiana,Claiborne,"4,001",31.9
Louisiana,Concordia,"4,977",28.6
Louisiana,De Soto,"5,429",19.8
Louisiana,East Baton Rouge,"70,357",16.4
Louisiana,East Carroll,"2,069",37.6
Louisiana,East Feliciana,"3,268",19.9
Louisiana,Evangeline,"7,791",24.5
Louisiana,Franklin,"4,589",24.1
Louisiana,Grant,"3,493",18.2
Louisiana,Iberia,"15,248",22.5
Louisiana,Iberville,"6,695",23.7
Louisiana,Jackson,"3,034",20.9
Louisiana,Jefferson,"68,914",16.1
Louisiana,Jefferson Davis,"5,370",17.6
Louisiana,Lafayette,"39,122",16.2
Louisiana,Lafourche,"13,907",14.5
Louisiana,La Salle,"2,375",17.3
Louisiana,Lincoln,"9,058",21.7
Louisiana,Livingston,"16,672",11.7
Louisiana,Madison,"3,042",33.6
Louisiana,Morehouse,"5,457",23.3
Louisiana,Natchitoches,"7,705",21.7
Louisiana,Orleans,"79,419",21.1
Louisiana,Ouachita,"34,803",23.7
Louisiana,Plaquemines,"3,797",16.6
Louisiana,Pointe Coupee,"3,704",17.3
Louisiana,Rapides,"23,284",18.7
Louisiana,Red River,"1,919",23.7
Louisiana,Richland,"4,281",22.5
Louisiana,Sabine,"5,146",22.1
Louisiana,St. Bernard,"10,053",21.3
Louisiana,St. Charles,"5,888",11.3
Louisiana,St. Helena,"2,256",22.7
Louisiana,St. James,"2,668",13.0
Louisiana,St. John the Baptist,"7,089",16.9
Louisiana,St. Landry,"18,143",22.6
Louisiana,St. Martin,"8,847",17.0
Louisiana,St. Mary,"9,368",19.8
Louisiana,St. Tammany,"26,239",10.0
Louisiana,Tangipahoa,"26,792",20.1
Louisiana,Tensas,"1,280",30.8
Louisiana,Terrebonne,"16,981",15.7
Louisiana,Union,"5,784",26.7
Louisiana,Vermilion,"9,052",15.4
Louisiana,Vernon,"7,145",16.1
Louisiana,Washington,"9,898",22.5
Louisiana,Webster,"7,231",19.7
Louisiana,West Baton Rouge,"3,823",14.6
Louisiana,West Carroll,"2,122",20.8
Louisiana,West Feliciana,"2,217",21.9
Louisiana,Winn,"2,744",22.6
Maine,Androscoggin,"12,326",11.7
Maine,Aroostook,"9,934",15.3
Maine,Cumberland,"24,812",8.6
Maine,Franklin,"3,713",12.9
Maine,Hancock,"5,586",10.3
Maine,Kennebec,"13,341",11.2
Maine,Knox,"3,927",10.2
Maine,Lincoln,"3,028",8.8
Maine,Oxford,"7,439",13.0
Maine,Penobscot,"17,558",12.1
Maine,Piscataquis,"2,433",14.6
Maine,Sagadahoc,"3,294",9.2
Maine,Somerset,"7,233",14.5
Maine,Waldo,"4,562",11.6
Maine,Washington,"3,738",12.0
Maine,York,"16,691",8.1
Maryland,Maryland,"533,561",9.0
Maryland,Allegany,"9,197",14.7
Maryland,Anne Arundel,"29,711",5.2
Maryland,Baltimore,"71,471",8.9
Maryland,Calvert,"4,911",5.3
Maryland,Caroline,"4,072",12.4
Maryland,Carroll,"8,614",5.2
Maryland,Cecil,"8,994",8.8
Maryland,Charles,"11,956",7.4
Maryland,Dorchester,"4,657",14.9
Maryland,Frederick,"16,024",6.2
Maryland,Garrett,"3,633",12.8
Maryland,Harford,"15,611",6.2
Maryland,Howard,"17,817",5.5
Maryland,Kent,"2,134",12.0
Maryland,Montgomery,"70,020",6.7
Maryland,Prince George's,"84,663",9.5
Maryland,Queen Anne's,"3,497",6.9
Maryland,St. Mary's,"8,170",7.3
Maryland,Somerset,"4,461",22.2
Maryland,Talbot,"3,497",9.6
Maryland,Washington,"17,632",12.3
Maryland,Wicomico,"14,105",14.2
Maryland,Worcester,"6,036",11.7
Maryland,Baltimore city,"112,678",20.0
Massachusetts,Barnstable,"16,203",7.7
Massachusetts,Berkshire,"11,917",10.0
Massachusetts,Bristol,"55,797",10.1
Massachusetts,Dukes,"1,299",7.5
Massachusetts,Essex,"69,830",9.0
Massachusetts,Franklin,"7,423",10.7
Massachusetts,Hampden,"64,583",14.3
Massachusetts,Hampshire,"12,910",9.3
Massachusetts,Middlesex,"110,410",7.1
Massachusetts,Nantucket,596,5.3
Massachusetts,Norfolk,"40,721",5.9
Massachusetts,Plymouth,"36,890",7.2
Massachusetts,Suffolk,"124,289",16.5
Massachusetts,Worcester,"76,029",9.5
Michigan,Alcona,"1,458",14.0
Michigan,Alger,978,12.1
Michigan,Allegan,"8,552",7.3
Michigan,Alpena,"4,334",15.6
Michigan,Antrim,"2,625",11.3
Michigan,Arenac,"1,888",12.8
Michigan,Baraga,911,12.7
Michigan,Barry,"4,668",7.6
Michigan,Bay,"12,891",12.7
Michigan,Benzie,"1,673",9.5
Michigan,Berrien,"22,678",15.1
Michigan,Branch,"5,861",14.1
Michigan,Calhoun,"19,661",15.1
Michigan,Cass,"5,677",11.1
Michigan,Charlevoix,"2,245",8.7
Michigan,Cheboygan,"3,166",12.7
Michigan,Chippewa,"4,486",13.9
Michigan,Clare,"5,467",18.0
Michigan,Clinton,"6,220",7.9
Michigan,Crawford,"1,869",13.6
Michigan,Delta,"3,942",11.3
Michigan,Dickinson,"2,386",9.7
Michigan,Eaton,"8,409",7.8
Michigan,Emmet,"2,858",8.7
Michigan,Genesee,"73,344",18.3
Michigan,Gladwin,"4,158",16.6
Michigan,Gogebic,"1,683",12.5
Michigan,Grand Traverse,"8,019",8.7
Michigan,Gratiot,"4,787",13.7
Michigan,Hillsdale,"5,577",12.6
Michigan,Houghton,"4,873",15.0
Michigan,Huron,"3,500",11.6
Michigan,Ingham,"37,873",13.8
Michigan,Ionia,"5,727",9.6
Michigan,Iosco,"3,420",13.8
Michigan,Iron,"1,527",14.2
Michigan,Isabella,"11,258",17.4
Michigan,Jackson,"18,835",12.6
Michigan,Kalamazoo,"30,871",12.0
Michigan,Kalkaska,"2,147",12.0
Michigan,Kent,"71,769",11.1
Michigan,Keweenaw,237,11.2
Michigan,Lake,"2,206",19.2
Michigan,Lapeer,"7,082",8.2
Michigan,Leelanau,"1,604",7.4
Michigan,Lenawee,"8,860",9.5
Michigan,Livingston,"10,151",5.3
Michigan,Luce,965,19.1
Michigan,Mackinac,"1,343",12.5
Michigan,Macomb,"79,269",9.2
Michigan,Manistee,"2,898",12.4
Michigan,Marquette,"8,458",13.6
Michigan,Mason,"3,531",12.3
Michigan,Mecosta,"5,505",13.6
Michigan,Menominee,"2,526",11.4
Michigan,Midland,"8,319",10.1
Michigan,Missaukee,"1,892",12.6
Michigan,Monroe,"14,444",9.7
Michigan,Montcalm,"7,926",13.1
Michigan,Montmorency,"1,425",15.5
Michigan,Muskegon,"20,887",12.3
Michigan,Newaygo,"6,001",12.3
Michigan,Oakland,"97,171",7.8
Michigan,Oceana,"3,530",13.3
Michigan,Ogemaw,"3,104",15.1
Michigan,Ontonagon,821,14.7
Michigan,Osceola,"3,274",14.2
Michigan,Oscoda,"1,291",15.5
Michigan,Otsego,"2,278",9.3
Michigan,Ottawa,"19,048",6.7
Michigan,Presque Isle,"1,634",13.1
Michigan,Roscommon,"3,755",15.8
Michigan,Saginaw,"29,160",15.9
Michigan,St. Clair,"19,531",12.4
Michigan,St. Joseph,"7,826",13.0
Michigan,Sanilac,"6,174",15.3
Michigan,Schoolcraft,950,11.9
Michigan,Shiawassee,"7,772",11.6
Michigan,Tuscola,"5,862",11.4
Michigan,Van Buren,"10,501",14.1
Michigan,Washtenaw,"41,374",12.0
Michigan,Wayne,"344,282",20.0
Michigan,Wexford,"3,809",11.4
Minnesota,Aitkin,"1,738",11.1
Minnesota,Anoka,"25,261",7.1
Minnesota,Becker,"3,857",11.4
Minnesota,Beltrami,"5,488",12.1
Minnesota,Benton,"2,798",6.9
Minnesota,Big Stone,521,10.9
Minnesota,Blue Earth,"7,131",11.0
Minnesota,Brown,"1,611",6.8
Minnesota,Carlton,"2,962",8.7
Minnesota,Carver,"3,731",3.5
Minnesota,Cass,"3,740",12.6
Minnesota,Chippewa,"1,075",9.3
Minnesota,Chisago,"3,505",6.3
Minnesota,Clay,"5,439",8.8
Minnesota,Clearwater,"1,139",12.8
Minnesota,Cook,464,8.7
Minnesota,Cottonwood,"1,239",11.2
Minnesota,Crow Wing,"5,549",8.5
Minnesota,Dakota,"20,759",4.8
Minnesota,Dodge,"1,237",5.9
Minnesota,Douglas,"2,814",7.4
Minnesota,Faribault,"1,361",10.3
Minnesota,Fillmore,"1,704",8.2
Minnesota,Freeborn,"2,988",10.0
Minnesota,Goodhue,"3,277",7.2
Minnesota,Grant,551,9.3
Minnesota,Hennepin,"115,824",9.3
Minnesota,Houston,"1,174",6.4
Minnesota,Hubbard,"1,972",9.1
Minnesota,Isanti,"2,731",6.7
Minnesota,Itasca,"4,634",10.5
Minnesota,Jackson,735,7.6
Minnesota,Kanabec,"1,481",9.1
Minnesota,Kandiyohi,"3,459",8.2
Minnesota,Kittson,421,10.3
Minnesota,Koochiching,"1,369",11.6
Minnesota,Lac qui Parle,545,8.6
Minnesota,Lake,841,8.0
Minnesota,Lake of the Woods,325,8.8
Minnesota,Le Sueur,"1,895",6.7
Minnesota,Lincoln,474,8.7
Minnesota,Lyon,"2,152",8.8
Minnesota,McLeod,"2,034",5.8
Minnesota,Mahnomen,824,15.3
Minnesota,Marshall,729,7.9
Minnesota,Martin,"1,898",9.9
Minnesota,Meeker,"1,429",6.2
Minnesota,Mille Lacs,"2,361",9.2
Minnesota,Morrison,"3,212",9.8
Minnesota,Mower,"3,457",8.7
Minnesota,Murray,612,7.6
Minnesota,Nicollet,"2,315",7.2
Minnesota,Nobles,"1,981",9.4
Minnesota,Norman,647,10.5
Minnesota,Olmsted,"10,052",6.4
Minnesota,Otter Tail,"4,503",7.8
Minnesota,Pennington,"1,104",8.2
Minnesota,Pine,"2,842",10.2
Minnesota,Pipestone,823,9.2
Minnesota,Polk,"3,153",10.6
Minnesota,Pope,877,7.9
Minnesota,Ramsey,"66,975",12.6
Minnesota,Red Lake,331,8.3
Minnesota,Redwood,"1,266",8.6
Minnesota,Renville,"1,213",8.6
Minnesota,Rice,"5,051",8.4
Minnesota,Rock,742,8.2
Minnesota,Roseau,"1,087",7.3
Minnesota,St. Louis,"19,339",10.1
Minnesota,Scott,"6,383",4.3
Minnesota,Sherburne,"4,279",4.4
Minnesota,Sibley,"1,154",7.9
Minnesota,Stearns,"16,574",10.6
Minnesota,Steele,"2,622",7.3
Minnesota,Stevens,808,9.1
Minnesota,Swift,854,9.5
Minnesota,Todd,"2,974",12.2
Minnesota,Traverse,361,11.6
Minnesota,Wabasha,"1,312",6.1
Minnesota,Wadena,"1,501",11.2
Minnesota,Waseca,"1,337",7.6
Minnesota,Washington,"11,461",4.4
Minnesota,Watonwan,"1,032",9.7
Minnesota,Wilkin,496,8.3
Minnesota,Winona,"5,125",11.0
Minnesota,Wright,"6,393",4.6
Minnesota,Yellow Medicine,807,8.6
Mississippi,Adams,"7,589",27.2
Mississippi,Alcorn,"6,127",17.0
Mississippi,Amite,"2,611",21.7
Mississippi,Attala,"3,309",18.8
Mississippi,Benton,"1,635",19.8
Mississippi,Bolivar,"8,059",28.1
Mississippi,Calhoun,"2,401",17.1
Mississippi,Carroll,"1,457",15.6
Mississippi,Chickasaw,"4,068",24.8
Mississippi,Choctaw,"1,490",18.7
Mississippi,Claiborne,"2,589",34.1
Mississippi,Clarke,"2,914",19.2
Mississippi,Clay,"4,081",21.5
Mississippi,Coahoma,"8,260",39.6
Mississippi,Copiah,"6,110",22.5
Mississippi,Covington,"3,693",20.3
Mississippi,DeSoto,"17,653",9.5
Mississippi,Forrest,"17,991",24.9
Mississippi,Franklin,"1,616",21.4
Mississippi,George,"4,224",17.8
Mississippi,Greene,"2,325",21.4
Mississippi,Grenada,"4,351",21.4
Mississippi,Hancock,"7,428",15.6
Mississippi,Harrison,"34,186",16.8
Mississippi,Hinds,"56,977",25.9
Mississippi,Holmes,"5,458",34.5
Mississippi,Humphreys,"2,567",33.3
Mississippi,Issaquena,407,43.3
Mississippi,Itawamba,"3,093",13.9
Mississippi,Jackson,"19,105",13.4
Mississippi,Jasper,"3,128",19.3
Mississippi,Jefferson,"2,035",30.8
Mississippi,Jefferson Davis,"2,713",25.2
Mississippi,Jones,"12,434",18.8
Mississippi,Kemper,"2,189",25.2
Mississippi,Lafayette,"8,771",17.6
Mississippi,Lamar,"8,012",12.6
Mississippi,Lauderdale,"15,725",22.5
Mississippi,Lawrence,"2,369",19.1
Mississippi,Leake,"4,407",21.0
Mississippi,Lee,"11,194",13.3
Mississippi,Leflore,"6,738",25.3
Mississippi,Lincoln,"6,229",18.7
Mississippi,Lowndes,"9,367",16.5
Mississippi,Madison,"13,273",12.6
Mississippi,Marion,"4,532",19.2
Mississippi,Marshall,"7,581",22.7
Mississippi,Monroe,"6,052",17.5
Mississippi,Montgomery,"2,017",21.2
Mississippi,Neshoba,"5,395",18.9
Mississippi,Newton,"3,302",16.3
Mississippi,Noxubee,"2,628",26.2
Mississippi,Oktibbeha,"10,550",23.5
Mississippi,Panola,"7,037",21.0
Mississippi,Pearl River,"8,624",15.8
Mississippi,Perry,"2,128",18.1
Mississippi,Pike,"10,068",26.5
Mississippi,Pontotoc,"4,113",12.8
Mississippi,Prentiss,"3,995",16.5
Mississippi,Quitman,"1,969",29.9
Mississippi,Rankin,"14,967",10.0
Mississippi,Scott,"5,077",18.3
Mississippi,Sharkey,"1,237",30.3
Mississippi,Simpson,"5,532",21.2
Mississippi,Smith,"2,515",16.1
Mississippi,Stone,"2,963",17.4
Mississippi,Sunflower,"7,178",34.8
Mississippi,Tallahatchie,"3,583",32.0
Mississippi,Tate,"3,842",14.0
Mississippi,Tippah,"3,515",16.5
Mississippi,Tishomingo,"2,758",14.6
Mississippi,Tunica,"2,471",26.7
Mississippi,Union,"3,845",13.5
Mississippi,Walthall,"3,324",23.5
Mississippi,Warren,"8,497",19.2
Mississippi,Washington,"11,652",27.7
Mississippi,Wayne,"4,454",22.1
Mississippi,Webster,"1,501",15.7
Mississippi,Wilkinson,"2,065",28.4
Mississippi,Winston,"3,784",21.8
Mississippi,Yalobusha,"2,495",21.2
Mississippi,Yazoo,"6,931",31.0
Missouri,Adair,"4,026",17.9
Missouri,Andrew,"1,586",9.1
Missouri,Atchison,600,12.0
Missouri,Audrain,"4,132",17.8
Missouri,Barry,"5,675",16.0
Missouri,Barton,"1,898",16.6
Missouri,Bates,"2,351",14.8
Missouri,Benton,"3,260",16.8
Missouri,Bollinger,"1,955",16.3
Missouri,Boone,"22,178",12.8
Missouri,Buchanan,"10,789",13.1
Missouri,Butler,"8,777",21.2
Missouri,Caldwell,"1,096",12.4
Missouri,Callaway,"4,693",11.4
Missouri,Camden,"6,407",14.0
Missouri,Cape Girardeau,"9,009",11.9
Missouri,Carroll,"1,130",13.4
Missouri,Carter,"1,205",20.3
Missouri,Cass,"7,182",6.8
Missouri,Cedar,"2,603",18.5
Missouri,Chariton,854,12.0
Missouri,Christian,"7,933",8.8
Missouri,Clark,827,12.3
Missouri,Clay,"19,299",7.7
Missouri,Clinton,"1,902",9.5
Missouri,Cole,"6,649",9.3
Missouri,Cooper,"2,189",13.6
Missouri,Crawford,"3,805",16.3
Missouri,Dade,"1,043",14.1
Missouri,Dallas,"4,092",24.1
Missouri,Daviess,"1,141",14.1
Missouri,DeKalb,"1,162",12.8
Missouri,Dent,"2,309",15.1
Missouri,Douglas,"2,349",17.8
Missouri,Dunklin,"5,682",20.2
Missouri,Franklin,"9,353",9.1
Missouri,Gasconade,"1,602",11.2
Missouri,Gentry,821,13.0
Missouri,Greene,"40,491",14.3
Missouri,Grundy,"1,398",15.1
Missouri,Harrison,"1,455",17.8
Missouri,Henry,"2,960",13.6
Missouri,Hickory,"1,862",19.6
Missouri,Holt,501,12.2
Missouri,Howard,"1,181",12.7
Missouri,Howell,"7,285",18.4
Missouri,Iron,"1,913",19.5
Missouri,Jackson,"86,479",12.4
Missouri,Jasper,"18,117",15.2
Missouri,Jefferson,"19,991",8.9
Missouri,Johnson,"5,453",10.8
Missouri,Knox,548,14.2
Missouri,Laclede,"5,778",16.3
Missouri,Lafayette,"3,352",10.4
Missouri,Lawrence,"5,712",15.2
Missouri,Lewis,"1,307",14.4
Missouri,Lincoln,"5,604",9.4
Missouri,Linn,"1,707",14.7
Missouri,Livingston,"1,684",12.8
Missouri,McDonald,"3,996",17.6
Missouri,Macon,"1,912",13.0
Missouri,Madison,"1,935",16.3
Missouri,Maries,"1,121",12.9
Missouri,Marion,"3,890",14.3
Missouri,Mercer,477,13.6
Missouri,Miller,"3,542",13.9
Missouri,Mississippi,"2,148",19.1
Missouri,Moniteau,"1,699",11.6
Missouri,Monroe,"1,115",13.0
Missouri,Montgomery,"1,415",13.0
Missouri,Morgan,"3,061",15.0
Missouri,New Madrid,"3,080",18.9
Missouri,Newton,"7,978",13.9
Missouri,Nodaway,"2,785",15.2
Missouri,Oregon,"2,249",22.0
Missouri,Osage,"1,115",8.5
Missouri,Ozark,"1,828",20.3
Missouri,Pemiscot,"5,429",35.3
Missouri,Perry,"2,212",11.7
Missouri,Pettis,"6,452",15.5
Missouri,Phelps,"7,249",17.5
Missouri,Pike,"2,384",14.9
Missouri,Platte,"5,704",5.4
Missouri,Polk,"4,830",15.6
Missouri,Pulaski,"5,311",12.5
Missouri,Putnam,702,15.2
Missouri,Ralls,"1,167",11.4
Missouri,Randolph,"2,676",12.1
Missouri,Ray,"2,261",10.0
Missouri,Reynolds,"1,177",19.4
Missouri,Ripley,"2,808",21.3
Missouri,St. Charles,"20,179",5.0
Missouri,St. Clair,"1,770",18.7
Missouri,Ste. Genevieve,"1,582",9.0
Missouri,St. Francois,"9,762",16.2
Missouri,St. Louis,"88,893",9.1
Missouri,Saline,"2,807",13.1
Missouri,Schuyler,675,15.2
Missouri,Scotland,683,14.3
Missouri,Scott,"5,488",14.6
Missouri,Shannon,"1,771",21.8
Missouri,Shelby,834,14.6
Missouri,Stoddard,"4,787",16.8
Missouri,Stone,"4,573",14.2
Missouri,Sullivan,927,15.6
Missouri,Taney,"8,497",15.6
Missouri,Texas,"4,744",20.3
Missouri,Vernon,"2,933",15.0
Missouri,Warren,"3,277",9.0
Missouri,Washington,"4,559",19.4
Missouri,Wayne,"2,927",23.2
Missouri,Webster,"5,847",15.0
Missouri,Worth,262,13.8
Missouri,Wright,"3,296",18.3
Missouri,St. Louis city,"59,993",20.8
Montana,Beaverhead,"1,200",13.3
Montana,Big Horn,"3,734",28.9
Montana,Blaine,"1,358",20.9
Montana,Broadwater,579,9.1
Montana,Carbon,"1,212",11.2
Montana,Carter,179,14.7
Montana,Cascade,"10,727",13.5
Montana,Chouteau,851,15.1
Montana,Custer,"1,248",11.5
Montana,Daniels,179,11.2
Montana,Dawson,875,10.8
Montana,Deer Lodge,"1,529",17.9
Montana,Fallon,262,9.4
Montana,Fergus,"1,469",13.6
Montana,Flathead,"11,014",10.5
Montana,Gallatin,"9,972",8.8
Montana,Garfield,190,15.0
Montana,Glacier,"3,238",24.3
Montana,Golden Valley,150,18.6
Montana,Granite,418,12.7
Montana,Hill,"3,024",18.9
Montana,Jefferson,815,6.7
Montana,Judith Basin,313,15.7
Montana,Lake,"5,612",18.3
Montana,Lewis and Clark,"6,994",10.2
Montana,Liberty,435,19.0
Montana,Lincoln,"3,598",17.9
Montana,McCone,236,14.5
Montana,Madison,878,9.9
Montana,Meagher,295,16.6
Montana,Mineral,672,14.9
Montana,Missoula,"14,029",11.8
Montana,Musselshell,712,15.4
Montana,Park,"1,820",10.9
Montana,Petroleum,75,15.0
Montana,Phillips,576,14.9
Montana,Pondera,"1,043",18.5
Montana,Powder River,206,12.6
Montana,Powell,843,16.5
Montana,Prairie,133,12.8
Montana,Ravalli,"5,075",11.3
Montana,Richland,882,8.0
Montana,Roosevelt,"2,572",23.8
Montana,Rosebud,"1,535",17.5
Montana,Sanders,"1,955",16.3
Montana,Sheridan,376,11.8
Montana,Silver Bow,"4,528",13.2
Montana,Stillwater,766,7.8
Montana,Sweet Grass,338,9.3
Montana,Teton,755,12.4
Montana,Toole,642,15.8
Montana,Treasure,87,12.5
Montana,Valley,972,13.4
Montana,Wheatland,440,20.9
Montana,Wibaux,107,11.7
Montana,Yellowstone,"16,988",10.6
Nebraska,Adams,"3,062",10.2
Nebraska,Antelope,647,10.4
Nebraska,Arthur,57,12.3
Nebraska,Banner,79,10.1
Nebraska,Blaine,61,13.3
Nebraska,Boone,435,8.7
Nebraska,Box Butte,"1,002",9.5
Nebraska,Boyd,235,12.9
Nebraska,Brown,317,10.8
Nebraska,Buffalo,"4,525",9.5
Nebraska,Burt,731,11.5
Nebraska,Butler,582,7.5
Nebraska,Cass,"1,538",5.9
Nebraska,Cedar,703,8.5
Nebraska,Chase,309,8.2
Nebraska,Cherry,649,11.4
Nebraska,Cheyenne,905,10.0
Nebraska,Clay,556,9.1
Nebraska,Colfax,863,8.2
Nebraska,Cuming,681,7.9
Nebraska,Custer,"1,027",9.8
Nebraska,Dakota,"1,952",9.9
Nebraska,Dawes,"1,120",14.7
Nebraska,Dawson,"1,980",8.6
Nebraska,Deuel,184,10.3
Nebraska,Dixon,435,7.9
Nebraska,Dodge,"3,408",9.7
Nebraska,Douglas,"55,209",9.8
Nebraska,Dundy,201,12.2
Nebraska,Fillmore,452,8.5
Nebraska,Franklin,303,10.4
Nebraska,Frontier,321,13.0
Nebraska,Furnas,459,10.0
Nebraska,Gage,"1,799",8.5
Nebraska,Garden,253,13.9
Nebraska,Garfield,219,11.6
Nebraska,Gosper,154,7.9
Nebraska,Grant,58,9.2
Nebraska,Greeley,274,12.2
Nebraska,Hall,"7,093",11.8
Nebraska,Hamilton,606,6.7
Nebraska,Harlan,321,9.9
Nebraska,Hayes,134,14.7
Nebraska,Hitchcock,328,12.0
Nebraska,Holt,"1,071",10.9
Nebraska,Hooker,49,7.9
Nebraska,Howard,564,8.8
Nebraska,Jefferson,687,9.9
Nebraska,Johnson,489,12.3
Nebraska,Kearney,495,7.6
Nebraska,Keith,928,11.7
Nebraska,Keya Paha,131,17.3
Nebraska,Kimball,377,11.0
Nebraska,Knox,"1,100",13.6
Nebraska,Lancaster,"28,584",9.4
Nebraska,Lincoln,"3,168",9.4
Nebraska,Logan,69,9.3
Nebraska,Loup,98,15.1
Nebraska,McPherson,62,13.1
Nebraska,Madison,"3,564",10.6
Nebraska,Merrick,734,9.6
Nebraska,Morrill,567,12.5
Nebraska,Nance,391,11.4
Nebraska,Nemaha,769,11.8
Nebraska,Nuckolls,399,9.8
Nebraska,Otoe,"1,322",8.4
Nebraska,Pawnee,325,12.7
Nebraska,Perkins,283,10.0
Nebraska,Phelps,993,11.3
Nebraska,Pierce,575,8.2
Nebraska,Platte,"2,181",6.6
Nebraska,Polk,370,7.3
Nebraska,Red Willow,968,9.5
Nebraska,Richardson,721,9.5
Nebraska,Rock,180,13.3
Nebraska,Saline,"1,046",8.0
Nebraska,Sarpy,"9,104",4.9
Nebraska,Saunders,"1,217",5.7
Nebraska,Scotts Bluff,"4,287",12.4
Nebraska,Seward,"1,087",6.8
Nebraska,Sheridan,691,13.8
Nebraska,Sherman,332,11.4
Nebraska,Sioux,183,15.3
Nebraska,Stanton,404,6.9
Nebraska,Thayer,471,9.8
Nebraska,Thomas,91,12.3
Nebraska,Thurston,"1,299",18.2
Nebraska,Valley,455,11.2
Nebraska,Washington,"1,104",5.3
Nebraska,Wayne,798,9.5
Nebraska,Webster,335,10.2
Nebraska,Wheeler,98,12.4
Nebraska,York,"1,175",9.3
Nevada,Churchill,"2,581",10.3
Nevada,Clark,"301,418",13.2
Nevada,Douglas,"3,893",8.0
Nevada,Elko,"5,815",11.2
Nevada,Esmeralda,127,14.4
Nevada,Eureka,213,10.3
Nevada,Humboldt,"1,648",9.8
Nevada,Lander,516,9.4
Nevada,Lincoln,647,13.2
Nevada,Lyon,"5,814",10.1
Nevada,Mineral,687,15.4
Nevada,Nye,"6,651",14.2
Nevada,Pershing,880,18.1
Nevada,Storey,328,7.8
Nevada,Washoe,"47,922",10.2
Nevada,White Pine,"1,021",12.3
Nevada,Carson City,"6,656",12.5
New Hampshire,Belknap,"4,472",7.4
New Hampshire,Carroll,"3,633",7.5
New Hampshire,Cheshire,"6,379",8.8
New Hampshire,Coos,"3,828",13.1
New Hampshire,Grafton,"7,217",8.6
New Hampshire,Hillsborough,"29,194",7.1
New Hampshire,Merrimack,"9,764",6.7
New Hampshire,Rockingham,"14,099",4.6
New Hampshire,Strafford,"10,032",8.2
New Hampshire,Sullivan,"3,786",8.9
New Jersey,Atlantic,"35,571",13.8
New Jersey,Bergen,"59,225",6.4
New Jersey,Burlington,"25,900",6.0
New Jersey,Camden,"61,747",12.4
New Jersey,Cape May,"8,546",9.6
New Jersey,Cumberland,"18,073",13.1
New Jersey,Essex,"111,465",14.3
New Jersey,Gloucester,"20,136",7.0
New Jersey,Hudson,"86,854",13.1
New Jersey,Hunterdon,"4,932",4.1
New Jersey,Mercer,"33,028",9.5
New Jersey,Middlesex,"59,132",7.4
New Jersey,Monmouth,"35,894",5.9
New Jersey,Morris,"22,653",4.7
New Jersey,Ocean,"63,592",10.5
New Jersey,Passaic,"83,071",16.9
New Jersey,Salem,"7,466",12.2
New Jersey,Somerset,"15,563",4.8
New Jersey,Sussex,"7,486",5.4
New Jersey,Union,"50,517",9.2
New Jersey,Warren,"7,539",7.3
New Mexico,Bernalillo,"102,304",15.3
New Mexico,Catron,820,22.8
New Mexico,Chaves,"12,054",19.2
New Mexico,Cibola,"5,972",25.1
New Mexico,Colfax,"1,973",17.2
New Mexico,Curry,"7,011",14.9
New Mexico,DeBaca,282,17.0
New Mexico,Dona Ana,"44,372",20.5
New Mexico,Eddy,"7,379",12.8
New Mexico,Grant,"5,266",20.0
New Mexico,Guadalupe,843,22.8
New Mexico,Harding,96,15.1
New Mexico,Hidalgo,796,19.8
New Mexico,Lea,"8,713",12.6
New Mexico,Lincoln,"3,340",16.9
New Mexico,Los Alamos,642,3.3
New Mexico,Luna,"5,187",22.3
New Mexico,McKinley,"22,414",32.0
New Mexico,Mora,884,19.8
New Mexico,Otero,"10,168",15.5
New Mexico,Quay,"1,794",22.0
New Mexico,Rio Arriba,"7,510",19.7
New Mexico,Roosevelt,"3,133",18.2
New Mexico,Sandoval,"15,305",10.4
New Mexico,San Juan,"26,171",21.5
New Mexico,San Miguel,"5,456",20.9
New Mexico,Santa Fe,"18,645",12.5
New Mexico,Sierra,"2,335",22.1
New Mexico,Socorro,"4,000",25.1
New Mexico,Taos,"6,094",18.9
New Mexico,Torrance,"3,164",21.4
New Mexico,Union,634,19.0
New Mexico,Valencia,"11,697",15.5
New York,Albany,"32,736",11.3
New York,Allegany,"6,238",15.1
New York,Bronx,"333,670",24.4
New York,Broome,"32,931",18.4
New York,Cattaraugus,"11,951",16.3
New York,Cayuga,"8,481",11.7
New York,Chautauqua,"17,909",14.8
New York,Chemung,"11,438",14.5
New York,Chenango,"5,283",11.5
New York,Clinton,"8,188",11.1
New York,Columbia,"5,961",10.2
New York,Cortland,"5,086",11.7
New York,Delaware,"5,345",12.8
New York,Dutchess,"22,960",8.3
New York,Erie,"117,938",13.2
New York,Essex,"3,565",10.2
New York,Franklin,"7,016",15.9
New York,Fulton,"7,184",13.9
New York,Genesee,"5,631",10.2
New York,Greene,"4,961",11.2
New York,Hamilton,378,8.7
New York,Herkimer,"7,192",12.1
New York,Jefferson,"13,411",13.1
New York,Kings,"446,856",17.8
New York,Lewis,"2,942",11.4
New York,Livingston,"5,828",10.3
New York,Madison,"6,878",10.4
New York,Monroe,"100,122",13.9
New York,Montgomery,"5,735",11.9
New York,Nassau,"75,628",5.7
New York,New York,"255,059",16.3
New York,Niagara,"23,934",11.7
New York,Oneida,"26,660",12.4
New York,Onondaga,"56,835",12.8
New York,Ontario,"9,389",8.8
New York,Orange,"39,859",10.6
New York,Orleans,"4,978",13.2
New York,Oswego,"15,935",14.2
New York,Otsego,"6,914",12.8
New York,Putnam,"5,516",5.7
New York,Queens,"226,286",10.3
New York,Rensselaer,"15,925",10.4
New York,Richmond,"49,625",10.6
New York,Rockland,"46,407",14.4
New York,St. Lawrence,"14,263",14.7
New York,Saratoga,"14,249",6.3
New York,Schenectady,"16,562",10.9
New York,Schoharie,"3,281",11.0
New York,Schuyler,"2,055",11.8
New York,Seneca,"3,802",12.1
New York,Steuben,"11,291",12.1
New York,Suffolk,"87,692",6.1
New York,Sullivan,"9,364",12.7
New York,Tioga,"4,420",9.3
New York,Tompkins,"10,927",12.4
New York,Ulster,"21,559",12.7
New York,Warren,"5,614",8.9
New York,Washington,"6,426",11.2
New York,Wayne,"8,589",9.7
New York,Westchester,"71,781",7.6
New York,Wyoming,"3,481",9.6
New York,Yates,"3,022",12.9
North Carolina,Alamance,"24,978",15.1
North Carolina,Alexander,"4,248",11.8
North Carolina,Alleghany,"2,004",18.1
North Carolina,Anson,"4,692",20.7
North Carolina,Ashe,"3,913",14.5
North Carolina,Avery,"2,398",15.8
North Carolina,Beaufort,"8,434",18.1
North Carolina,Bertie,"3,916",22.8
North Carolina,Bladen,"7,045",21.6
North Carolina,Brunswick,"16,628",11.2
North Carolina,Buncombe,"35,693",13.9
North Carolina,Burke,"16,166",18.4
North Carolina,Cabarrus,"17,543",8.0
North Carolina,Caldwell,"10,557",13.0
North Carolina,Camden,806,7.4
North Carolina,Carteret,"6,394",9.3
North Carolina,Caswell,"3,287",15.4
North Carolina,Catawba,"18,349",11.6
North Carolina,Chatham,"7,186",9.6
North Carolina,Cherokee,"4,337",15.1
North Carolina,Chowan,"2,350",17.3
North Carolina,Clay,"1,862",16.4
North Carolina,Cleveland,"14,524",15.0
North Carolina,Columbus,"11,012",21.3
North Carolina,Craven,"12,681",13.2
North Carolina,Cumberland,"58,933",18.5
North Carolina,Currituck,"2,772",9.6
North Carolina,Dare,"3,262",8.8
North Carolina,Davidson,"20,044",12.0
North Carolina,Davie,"4,121",9.6
North Carolina,Duplin,"10,643",18.3
North Carolina,Durham,"36,583",11.7
North Carolina,Edgecombe,"12,004",24.1
North Carolina,Forsyth,"48,382",13.0
North Carolina,Franklin,"8,429",12.0
North Carolina,Gaston,"26,261",11.8
North Carolina,Gates,"1,503",13.2
North Carolina,Graham,"1,382",16.6
North Carolina,Granville,"8,601",15.0
North Carolina,Greene,"3,924",21.3
North Carolina,Guilford,"69,163",13.3
North Carolina,Halifax,"11,495",23.9
North Carolina,Harnett,"19,195",14.4
North Carolina,Haywood,"8,503",13.6
North Carolina,Henderson,"12,915",11.0
North Carolina,Hertford,"4,279",20.7
North Carolina,Hoke,"8,207",15.0
North Carolina,Hyde,855,20.0
North Carolina,Iredell,"17,955",9.7
North Carolina,Jackson,"6,603",16.6
North Carolina,Johnston,"24,359",11.4
North Carolina,Jones,"1,669",18.3
North Carolina,Lee,"9,411",15.4
North Carolina,Lenoir,"9,459",17.2
North Carolina,Lincoln,"10,351",11.9
North Carolina,McDowell,"6,759",15.2
North Carolina,Macon,"4,600",12.9
North Carolina,Madison,"2,917",14.0
North Carolina,Martin,"4,424",20.1
North Carolina,Mecklenburg,"122,098",11.0
North Carolina,Mitchell,"2,052",14.0
North Carolina,Montgomery,"4,200",16.0
North Carolina,Moore,"9,555",9.3
North Carolina,Nash,"13,775",14.9
North Carolina,New Hanover,"23,331",10.2
North Carolina,Northampton,"4,046",21.7
North Carolina,Onslow,"22,293",12.5
North Carolina,Orange,"14,297",10.3
North Carolina,Pamlico,"1,759",14.7
North Carolina,Pasquotank,"5,364",14.0
North Carolina,Pender,"7,830",12.3
North Carolina,Perquimans,"1,959",14.4
North Carolina,Person,"5,310",13.5
North Carolina,Pitt,"30,096",17.1
North Carolina,Polk,"2,492",12.0
North Carolina,Randolph,"20,279",14.2
North Carolina,Richmond,"9,339",21.5
North Carolina,Robeson,"33,424",26.6
North Carolina,Rockingham,"12,458",13.8
North Carolina,Rowan,"19,964",14.4
North Carolina,Rutherford,"12,614",19.1
North Carolina,Sampson,"13,195",21.2
North Carolina,Scotland,"9,506",29.7
North Carolina,Stanly,"8,859",14.5
North Carolina,Stokes,"5,467",12.1
North Carolina,Surry,"10,915",15.4
North Carolina,Swain,"1,931",13.9
North Carolina,Transylvania,"4,250",12.6
North Carolina,Tyrrell,701,20.8
North Carolina,Union,"16,946",7.0
North Carolina,Vance,"9,382",21.3
North Carolina,Wake,"82,129",7.4
North Carolina,Warren,"4,242",22.8
North Carolina,Washington,"2,752",24.3
North Carolina,Watauga,"8,022",15.8
North Carolina,Wayne,"18,039",14.9
North Carolina,Wilkes,"9,671",14.4
North Carolina,Wilson,"16,994",21.2
North Carolina,Yadkin,"4,509",12.1
North Carolina,Yancey,"2,677",14.9
North Dakota,Adams,232,10.8
North Dakota,Barnes,975,9.9
North Dakota,Benson,"1,627",24.2
North Dakota,Billings,89,10.0
North Dakota,Bottineau,587,9.7
North Dakota,Bowman,261,8.9
North Dakota,Burke,166,7.9
North Dakota,Burleigh,"7,934",8.6
North Dakota,Cass,"17,324",9.7
North Dakota,Cavalier,308,8.5
North Dakota,Dickey,460,10.2
North Dakota,Divide,237,10.7
North Dakota,Dunn,442,10.0
North Dakota,Eddy,236,11.2
North Dakota,Emmons,430,13.7
North Dakota,Foster,247,7.9
North Dakota,Golden Valley,185,11.0
North Dakota,Grand Forks,"8,467",12.7
North Dakota,Grant,297,13.5
North Dakota,Griggs,208,9.6
North Dakota,Hettinger,267,11.6
North Dakota,Kidder,332,13.5
North Dakota,LaMoure,434,10.9
North Dakota,Logan,265,14.5
North Dakota,McHenry,677,12.0
North Dakota,McIntosh,287,12.2
North Dakota,McKenzie,"1,130",7.5
North Dakota,McLean,782,8.4
North Dakota,Mercer,646,8.0
North Dakota,Morton,"2,565",8.3
North Dakota,Mountrail,"1,150",11.0
North Dakota,Nelson,265,9.8
North Dakota,Oliver,206,10.7
North Dakota,Pembina,496,7.6
North Dakota,Pierce,406,11.0
North Dakota,Ramsey,"1,335",12.2
North Dakota,Ransom,464,9.3
North Dakota,Renville,171,7.7
North Dakota,Richland,"1,441",9.4
North Dakota,Rolette,"2,983",21.3
North Dakota,Sargent,287,7.4
North Dakota,Sheridan,211,16.6
North Dakota,Sioux,"1,158",28.3
North Dakota,Slope,101,13.5
North Dakota,Stark,"3,145",10.0
North Dakota,Steele,148,7.9
North Dakota,Stutsman,"2,007",10.6
North Dakota,Towner,203,9.8
North Dakota,Traill,533,7.0
North Dakota,Walsh,"1,084",10.6
North Dakota,Ward,"5,829",8.9
North Dakota,Wells,396,10.9
North Dakota,Williams,"3,665",9.6
Ohio,Adams,"5,592",20.6
Ohio,Allen,"12,387",12.9
Ohio,Ashland,"5,835",11.4
Ohio,Ashtabula,"15,354",16.5
Ohio,Athens,"12,301",22.0
Ohio,Auglaize,"2,637",5.9
Ohio,Belmont,"7,893",12.7
Ohio,Brown,"5,805",13.6
Ohio,Butler,"37,769",10.1
Ohio,Carroll,"3,061",11.6
Ohio,Champaign,"3,839",10.1
Ohio,Clark,"18,577",14.3
Ohio,Clermont,"18,827",9.2
Ohio,Clinton,"4,611",11.3
Ohio,Columbiana,"13,512",13.9
Ohio,Coshocton,"5,343",14.9
Ohio,Crawford,"4,895",12.1
Ohio,Cuyahoga,"183,748",15.3
Ohio,Darke,"5,158",10.2
Ohio,Defiance,"3,132",8.5
Ohio,Delaware,"7,876",3.7
Ohio,Erie,"7,837",10.9
Ohio,Fairfield,"11,809",7.5
Ohio,Fayette,"3,859",13.8
Ohio,Franklin,"199,428",15.4
Ohio,Fulton,"3,422",8.3
Ohio,Gallia,"4,646",16.1
Ohio,Geauga,"5,752",6.2
Ohio,Greene,"14,570",9.0
Ohio,Guernsey,"5,185",13.5
Ohio,Hamilton,"101,099",12.7
Ohio,Hancock,"6,868",9.3
Ohio,Hardin,"4,448",15.1
Ohio,Harrison,"2,019",13.7
Ohio,Henry,"2,121",8.0
Ohio,Highland,"6,357",14.9
Ohio,Hocking,"4,081",14.7
Ohio,Holmes,"3,612",8.4
Ohio,Huron,"5,618",9.8
Ohio,Jackson,"5,095",15.9
Ohio,Jefferson,"9,593",15.3
Ohio,Knox,"6,440",10.9
Ohio,Lake,"17,854",7.9
Ohio,Lawrence,"11,521",19.8
Ohio,Licking,"17,039",9.8
Ohio,Logan,"4,513",10.1
Ohio,Lorain,"36,055",11.9
Ohio,Lucas,"73,336",17.5
Ohio,Madison,"3,795",9.5
Ohio,Mahoning,"34,336",15.8
Ohio,Marion,"8,471",14.3
Ohio,Medina,"10,598",5.9
Ohio,Meigs,"4,215",18.8
Ohio,Mercer,"2,240",5.5
Ohio,Miami,"8,534",8.0
Ohio,Monroe,"1,950",14.6
Ohio,Montgomery,"75,773",14.7
Ohio,Morgan,"2,104",15.0
Ohio,Morrow,"3,137",9.0
Ohio,Muskingum,"12,643",15.0
Ohio,Noble,"1,753",15.0
Ohio,Ottawa,"3,049",7.7
Ohio,Paulding,"1,727",9.3
Ohio,Perry,"4,683",13.1
Ohio,Pickaway,"6,746",12.5
Ohio,Pike,"4,724",17.4
Ohio,Portage,"15,339",9.9
Ohio,Preble,"3,546",8.8
Ohio,Putnam,"2,174",6.5
Ohio,Richland,"14,459",12.7
Ohio,Ross,"10,636",15.0
Ohio,Sandusky,"5,942",10.4
Ohio,Scioto,"16,161",22.8
Ohio,Seneca,"5,449",10.4
Ohio,Shelby,"4,417",9.3
Ohio,Stark,"47,524",13.2
Ohio,Summit,"64,333",12.1
Ohio,Trumbull,"30,489",15.8
Ohio,Tuscarawas,"10,438",11.6
Ohio,Union,"2,893",5.0
Ohio,Van Wert,"2,045",7.4
Ohio,Vinton,"2,066",16.1
Ohio,Warren,"12,124",5.2
Ohio,Washington,"7,772",13.4
Ohio,Wayne,"10,127",9.0
Ohio,Williams,"3,667",10.3
Ohio,Wood,"12,315",9.9
Ohio,Wyandot,"1,500",7.0
Oklahoma,Adair,"4,858",22.3
Oklahoma,Alfalfa,730,15.7
Oklahoma,Atoka,"2,442",18.6
Oklahoma,Beaver,565,11.0
Oklahoma,Beckham,"3,667",18.8
Oklahoma,Blaine,"1,350",14.5
Oklahoma,Bryan,"7,577",15.9
Oklahoma,Caddo,"4,874",18.3
Oklahoma,Canadian,"11,342",7.6
Oklahoma,Carter,"8,986",19.0
Oklahoma,Cherokee,"9,256",19.6
Oklahoma,Choctaw,"2,807",19.5
Oklahoma,Cimarron,323,15.1
Oklahoma,Cleveland,"29,765",10.8
Oklahoma,Coal,"1,064",19.3
Oklahoma,Comanche,"17,465",15.8
Oklahoma,Cotton,975,17.4
Oklahoma,Craig,"2,350",17.5
Oklahoma,Creek,"9,089",12.9
Oklahoma,Custer,"3,470",12.8
Oklahoma,Delaware,"7,716",18.1
Oklahoma,Dewey,500,10.6
Oklahoma,Ellis,424,11.2
Oklahoma,Garfield,"7,015",11.8
Oklahoma,Garvin,"4,557",16.7
Oklahoma,Grady,"6,587",12.0
Oklahoma,Grant,500,11.7
Oklahoma,Greer,"1,048",22.9
Oklahoma,Harmon,570,23.3
Oklahoma,Harper,373,10.5
Oklahoma,Haskell,"2,432",19.4
Oklahoma,Hughes,"2,483",21.4
Oklahoma,Jackson,"3,532",15.0
Oklahoma,Jefferson,"1,030",17.8
Oklahoma,Johnston,"1,921",18.3
Oklahoma,Kay,"6,451",15.3
Oklahoma,Kingfisher,"1,406",9.0
Oklahoma,Kiowa,"1,541",18.0
Oklahoma,Latimer,"1,518",15.9
Oklahoma,Le Flore,"8,753",18.1
Oklahoma,Lincoln,"4,783",13.8
Oklahoma,Logan,"5,152",11.0
Oklahoma,Love,"1,188",11.7
Oklahoma,McClain,"4,280",10.4
Oklahoma,McCurtain,"6,106",18.9
Oklahoma,McIntosh,"4,345",22.5
Oklahoma,Major,857,11.5
Oklahoma,Marshall,"2,308",13.7
Oklahoma,Mayes,"6,873",16.9
Oklahoma,Murray,"1,943",14.3
Oklahoma,Muskogee,"11,626",18.2
Oklahoma,Noble,"1,298",11.8
Oklahoma,Nowata,"1,635",16.5
Oklahoma,Okfuskee,"2,333",21.7
Oklahoma,Oklahoma,"119,595",15.2
Oklahoma,Okmulgee,"5,361",14.6
Oklahoma,Osage,"5,864",13.0
Oklahoma,Ottawa,"5,522",18.5
Oklahoma,Pawnee,"2,539",15.7
Oklahoma,Payne,"14,878",20.1
Oklahoma,Pittsburg,"6,809",16.5
Oklahoma,Pontotoc,"5,279",14.4
Oklahoma,Pottawatomie,"11,168",16.0
Oklahoma,Pushmataha,"1,882",17.4
Oklahoma,Roger Mills,479,13.5
Oklahoma,Rogers,"7,784",8.5
Oklahoma,Seminole,"4,996",21.2
Oklahoma,Sequoyah,"6,936",16.9
Oklahoma,Stephens,"7,502",17.7
Oklahoma,Texas,"2,150",11.1
Oklahoma,Tillman,"1,519",21.9
Oklahoma,Tulsa,"82,694",12.8
Oklahoma,Wagoner,"8,393",10.2
Oklahoma,Washington,"7,596",14.8
Oklahoma,Washita,"1,557",14.7
Oklahoma,Woods,"1,155",15.1
Oklahoma,Woodward,"2,470",13.3
Oregon,Baker,"2,308",14.5
Oregon,Benton,"13,731",15.7
Oregon,Clackamas,"28,451",6.8
Oregon,Clatsop,"4,200",10.5
Oregon,Columbia,"4,825",9.2
Oregon,Coos,"9,796",15.4
Oregon,Crook,"2,564",10.3
Oregon,Curry,"3,353",14.5
Oregon,Deschutes,"16,321",8.1
Oregon,Douglas,"14,607",13.3
Oregon,Gilliam,209,10.7
Oregon,Grant,987,13.9
Oregon,Harney,906,12.6
Oregon,Hood River,"1,948",8.5
Oregon,Jackson,"26,011",11.9
Oregon,Jefferson,"2,993",12.5
Oregon,Josephine,"13,747",15.8
Oregon,Klamath,"13,307",19.7
Oregon,Lake,"1,179",15.7
Oregon,Lane,"54,433",14.5
Oregon,Lincoln,"7,177",14.4
Oregon,Linn,"14,667",11.3
Oregon,Malheur,"5,396",19.5
Oregon,Marion,"41,191",12.1
Oregon,Morrow,"1,337",11.5
Oregon,Multnomah,"89,646",11.2
Oregon,Polk,"9,497",11.1
Oregon,Sherman,213,11.9
Oregon,Tillamook,"2,920",10.8
Oregon,Umatilla,"8,605",11.7
Oregon,Union,"3,250",12.6
Oregon,Wallowa,821,11.6
Oregon,Wasco,"3,195",12.4
Oregon,Washington,"45,009",7.5
Oregon,Wheeler,191,14.0
Oregon,Yamhill,"8,952",8.7
Pennsylvania,Adams,"7,867",8.0
Pennsylvania,Allegheny,"123,280",10.5
Pennsylvania,Armstrong,"7,391",11.7
Pennsylvania,Beaver,"14,568",9.1
Pennsylvania,Bedford,"5,177",11.0
Pennsylvania,Berks,"44,744",10.9
Pennsylvania,Blair,"13,608",11.6
Pennsylvania,Bradford,"6,364",10.7
Pennsylvania,Bucks,"36,950",6.0
Pennsylvania,Butler,"13,624",7.4
Pennsylvania,Cambria,"15,360",12.5
Pennsylvania,Cameron,574,13.5
Pennsylvania,Carbon,"7,168",11.3
Pennsylvania,Centre,"18,339",12.9
Pennsylvania,Chester,"26,903",5.2
Pennsylvania,Clarion,"4,689",12.8
Pennsylvania,Clearfield,"10,386",14.3
Pennsylvania,Clinton,"4,835",13.4
Pennsylvania,Columbia,"7,149",11.7
Pennsylvania,Crawford,"10,190",12.7
Pennsylvania,Cumberland,"18,630",7.6
Pennsylvania,Dauphin,"31,903",11.6
Pennsylvania,Delaware,"50,715",9.3
Pennsylvania,Elk,"2,426",8.3
Pennsylvania,Erie,"34,469",13.4
Pennsylvania,Fayette,"23,301",18.7
Pennsylvania,Forest,"1,037",22.9
Pennsylvania,Franklin,"14,354",9.4
Pennsylvania,Fulton,"1,516",10.6
Pennsylvania,Greene,"4,154",12.7
Pennsylvania,Huntingdon,"4,234",10.7
Pennsylvania,Indiana,"10,570",13.4
Pennsylvania,Jefferson,"4,669",11.0
Pennsylvania,Juniata,"2,423",10.0
Pennsylvania,Lackawanna,"24,549",12.2
Pennsylvania,Lancaster,"40,963",7.7
Pennsylvania,Lawrence,"10,676",12.9
Pennsylvania,Lebanon,"12,360",9.0
Pennsylvania,Lehigh,"42,385",11.7
Pennsylvania,Luzerne,"46,287",15.1
Pennsylvania,Lycoming,"14,273",13.2
Pennsylvania,Mc Kean,"5,187",13.9
Pennsylvania,Mercer,"12,677",12.4
Pennsylvania,Mifflin,"5,992",13.2
Pennsylvania,Monroe,"17,353",10.5
Pennsylvania,Montgomery,"45,874",5.6
Pennsylvania,Montour,"1,551",9.0
Pennsylvania,Northampton,"22,304",7.6
Pennsylvania,Northumberland,"10,489",12.1
Pennsylvania,Perry,"3,858",8.5
Pennsylvania,Philadelphia,"296,836",19.4
Pennsylvania,Pike,"5,143",9.3
Pennsylvania,Potter,"1,977",12.2
Pennsylvania,Schuylkill,"16,956",12.7
Pennsylvania,Snyder,"3,797",10.1
Pennsylvania,Somerset,"7,952",11.7
Pennsylvania,Sullivan,708,12.3
Pennsylvania,Susquehanna,"4,580",11.6
Pennsylvania,Tioga,"4,493",11.5
Pennsylvania,Union,"3,997",11.1
Pennsylvania,Venango,"6,886",14.0
Pennsylvania,Warren,"4,232",11.1
Pennsylvania,Washington,"17,444",8.6
Pennsylvania,Wayne,"4,997",10.5
Pennsylvania,Westmoreland,"31,545",9.3
Pennsylvania,Wyoming,"2,697",10.4
Pennsylvania,York,"31,392",7.1
Rhode Island,Bristol,"3,747",8.2
Rhode Island,Kent,"12,295",7.5
Rhode Island,Newport,"7,413",9.5
Rhode Island,Providence,"75,510",12.4
Rhode Island,Washington,"9,341",7.8
South Carolina,Abbeville,"3,628",15.3
South Carolina,Aiken,"22,201",13.0
South Carolina,Allendale,"2,342",31.6
South Carolina,Anderson,"28,177",14.0
South Carolina,Bamberg,"2,766",21.0
South Carolina,Barnwell,"4,418",21.6
South Carolina,Beaufort,"18,245",9.6
South Carolina,Berkeley,"25,655",11.1
South Carolina,Calhoun,"2,240",15.5
South Carolina,Charleston,"48,326",11.9
South Carolina,Cherokee,"8,181",14.6
South Carolina,Chester,"5,859",18.3
South Carolina,Chesterfield,"8,879",19.7
South Carolina,Clarendon,"5,901",18.4
South Carolina,Colleton,"7,437",20.1
South Carolina,Darlington,"12,327",18.9
South Carolina,Dillon,"6,636",22.2
South Carolina,Dorchester,"19,791",12.1
South Carolina,Edgefield,"4,161",16.8
South Carolina,Fairfield,"3,820",17.6
South Carolina,Florence,"23,016",17.1
South Carolina,Georgetown,"9,475",15.1
South Carolina,Greenville,"63,371",12.1
South Carolina,Greenwood,"11,250",16.4
South Carolina,Hampton,"3,486",19.6
South Carolina,Horry,"46,156",12.8
South Carolina,Jasper,"5,584",18.4
South Carolina,Kershaw,"9,620",14.4
South Carolina,Lancaster,"11,249",11.4
South Carolina,Laurens,"12,132",18.4
South Carolina,Lee,"3,470",23.0
South Carolina,Lexington,"31,262",10.4
South Carolina,McCormick,"1,443",17.0
South Carolina,Marion,"6,516",21.8
South Carolina,Marlboro,"6,001",26.0
South Carolina,Newberry,"6,100",16.4
South Carolina,Oconee,"8,833",11.1
South Carolina,Orangeburg,"15,695",19.1
South Carolina,Pickens,"18,343",15.3
South Carolina,Richland,"62,651",16.0
South Carolina,Saluda,"3,495",17.4
South Carolina,Spartanburg,"45,129",14.2
South Carolina,Sumter,"21,301",20.5
South Carolina,Union,"3,949",14.9
South Carolina,Williamsburg,"7,341",25.4
South Carolina,York,"25,145",8.8
South Dakota,Aurora,268,10.2
South Dakota,Beadle,"2,291",12.6
South Dakota,Bennett,952,28.3
South Dakota,Bon Homme,812,15.0
South Dakota,Brookings,"3,186",9.9
South Dakota,Brown,"3,399",9.1
South Dakota,Brule,706,13.7
South Dakota,Buffalo,638,32.8
South Dakota,Butte,"1,307",12.5
South Dakota,Campbell,148,10.7
South Dakota,Charles Mix,"2,128",24.0
South Dakota,Clark,442,12.3
South Dakota,Clay,"1,962",16.2
South Dakota,Codington,"2,499",9.0
South Dakota,Corson,"1,492",37.1
South Dakota,Custer,847,9.7
South Dakota,Davison,"2,032",10.7
South Dakota,Day,672,12.9
South Dakota,Deuel,408,9.5
South Dakota,Dewey,"1,436",24.9
South Dakota,Douglas,329,11.8
South Dakota,Edmunds,446,12.2
South Dakota,Fall River,"1,002",15.4
South Dakota,Faulk,402,18.7
South Dakota,Grant,649,9.3
South Dakota,Gregory,630,15.1
South Dakota,Haakon,213,11.7
South Dakota,Hamlin,537,8.9
South Dakota,Hand,281,9.1
South Dakota,Hanson,350,10.4
South Dakota,Harding,142,11.0
South Dakota,Hughes,"1,562",9.4
South Dakota,Hutchinson,873,12.8
South Dakota,Hyde,143,11.5
South Dakota,Jackson,944,28.7
South Dakota,Jerauld,276,14.4
South Dakota,Jones,139,14.9
South Dakota,Kingsbury,498,10.2
South Dakota,Lake,"1,173",9.9
South Dakota,Lawrence,"2,918",11.5
South Dakota,Lincoln,"2,831",4.5
South Dakota,Lyman,896,23.9
South Dakota,McCook,511,9.6
South Dakota,McPherson,407,18.4
South Dakota,Marshall,624,13.2
South Dakota,Meade,"2,416",8.7
South Dakota,Mellette,608,29.9
South Dakota,Miner,271,12.6
South Dakota,Minnehaha,"15,537",8.1
South Dakota,Moody,602,9.4
South Dakota,Oglala Lakota,"5,338",38.1
South Dakota,Pennington,"13,734",12.1
South Dakota,Perkins,430,15.4
South Dakota,Potter,196,9.4
South Dakota,Roberts,"1,803",17.8
South Dakota,Sanborn,307,13.7
South Dakota,Spink,775,12.8
South Dakota,Stanley,233,7.5
South Dakota,Sully,109,7.8
South Dakota,Todd,"4,360",42.5
South Dakota,Tripp,"1,014",19.3
South Dakota,Turner,724,8.8
South Dakota,Union,955,5.9
South Dakota,Walworth,774,15.0
South Dakota,Yankton,"2,153",10.4
South Dakota,Ziebach,"1,166",43.9
Tennessee,Anderson,"10,155",13.3
Tennessee,Bedford,"6,417",13.0
Tennessee,Benton,"2,675",16.9
Tennessee,Bledsoe,"2,588",20.8
Tennessee,Blount,"12,219",9.2
Tennessee,Bradley,"14,675",13.8
Tennessee,Campbell,"7,807",20.0
Tennessee,Cannon,"1,954",13.3
Tennessee,Carroll,"4,417",16.7
Tennessee,Carter,"8,877",16.1
Tennessee,Cheatham,"3,523",8.7
Tennessee,Chester,"2,463",15.2
Tennessee,Claiborne,"5,779",18.9
Tennessee,Clay,"1,586",21.0
Tennessee,Cocke,"7,044",19.7
Tennessee,Coffee,"7,811",13.8
Tennessee,Crockett,"2,115",15.2
Tennessee,Cumberland,"7,274",12.0
Tennessee,Davidson,"85,618",12.8
Tennessee,Decatur,"1,936",17.1
Tennessee,DeKalb,"3,591",17.5
Tennessee,Dickson,"5,916",11.0
Tennessee,Dyer,"6,022",16.7
Tennessee,Fayette,"4,210",10.2
Tennessee,Fentress,"3,568",19.4
Tennessee,Franklin,"5,596",13.9
Tennessee,Gibson,"6,397",13.4
Tennessee,Giles,"3,606",12.5
Tennessee,Grainger,"3,321",14.2
Tennessee,Greene,"11,156",16.4
Tennessee,Grundy,"2,407",18.2
Tennessee,Hamblen,"9,561",15.0
Tennessee,Hamilton,"48,007",13.3
Tennessee,Hancock,"1,808",28.6
Tennessee,Hardeman,"4,612",22.0
Tennessee,Hardin,"3,736",14.8
Tennessee,Hawkins,"8,674",15.5
Tennessee,Haywood,"3,133",18.7
Tennessee,Henderson,"4,034",14.6
Tennessee,Henry,"5,583",17.8
Tennessee,Hickman,"3,439",14.4
Tennessee,Houston,"1,266",15.6
Tennessee,Humphreys,"2,528",13.9
Tennessee,Jackson,"1,950",16.8
Tennessee,Jefferson,"6,948",12.9
Tennessee,Johnson,"3,005",18.6
Tennessee,Knox,"50,345",10.9
Tennessee,Lake,"1,725",36.4
Tennessee,Lauderdale,"4,595",19.8
Tennessee,Lawrence,"6,651",15.2
Tennessee,Lewis,"1,741",14.3
Tennessee,Lincoln,"4,239",12.4
Tennessee,Loudon,"5,736",10.6
Tennessee,McMinn,"7,439",14.0
Tennessee,McNairy,"3,792",15.0
Tennessee,Macon,"4,069",16.7
Tennessee,Madison,"20,847",22.2
Tennessee,Marion,"4,186",14.7
Tennessee,Marshall,"4,194",12.1
Tennessee,Maury,"9,763",9.9
Tennessee,Meigs,"1,978",16.0
Tennessee,Monroe,"6,396",13.8
Tennessee,Montgomery,"22,576",10.8
Tennessee,Moore,620,9.8
Tennessee,Morgan,"3,598",18.8
Tennessee,Obion,"4,483",15.1
Tennessee,Overton,"3,611",16.3
Tennessee,Perry,"1,281",16.1
Tennessee,Pickett,822,16.5
Tennessee,Polk,"2,044",12.4
Tennessee,Putnam,"13,250",17.0
Tennessee,Rhea,"4,855",15.0
Tennessee,Roane,"7,178",13.5
Tennessee,Robertson,"6,546",9.2
Tennessee,Rutherford,"29,418",8.8
Tennessee,Scott,"4,292",19.8
Tennessee,Sequatchie,"2,402",16.1
Tennessee,Sevier,"13,485",13.8
Tennessee,Shelby,"174,664",19.1
Tennessee,Smith,"2,336",11.7
Tennessee,Stewart,"1,798",13.2
Tennessee,Sullivan,"21,301",13.6
Tennessee,Sumner,"18,595",9.6
Tennessee,Tipton,"7,698",12.7
Tennessee,Trousdale,"1,361",15.4
Tennessee,Unicoi,"2,812",16.2
Tennessee,Union,"3,363",16.9
Tennessee,Van Buren,931,16.1
Tennessee,Warren,"6,761",16.5
Tennessee,Washington,"16,625",13.2
Tennessee,Wayne,"2,883",20.2
Tennessee,Weakley,"5,328",16.9
Tennessee,White,"3,753",13.8
Tennessee,Williamson,"10,080",4.1
Tennessee,Wilson,"11,645",8.0
Texas,Anderson,"9,242",20.9
Texas,Andrews,"1,722",9.2
Texas,Angelina,"14,330",17.0
Texas,Aransas,"3,986",17.1
Texas,Archer,596,6.9
Texas,Armstrong,169,9.3
Texas,Atascosa,"7,618",14.9
Texas,Austin,"3,378",11.4
Texas,Bailey,945,14.4
Texas,Bandera,"2,588",11.0
Texas,Bastrop,"9,596",10.8
Texas,Baylor,526,15.3
Texas,Bee,"5,685",23.1
Texas,Bell,"52,839",14.7
Texas,Bexar,"297,131",15.0
Texas,Blanco,"1,199",9.8
Texas,Borden,53,7.5
Texas,Bosque,"2,280",12.5
Texas,Bowie,"15,191",17.4
Texas,Brazoria,"30,696",8.3
Texas,Brazos,"48,484",22.3
Texas,Brewster,"1,282",14.0
Texas,Briscoe,199,13.4
Texas,Brooks,"1,978",28.7
Texas,Brown,"5,642",15.6
Texas,Burleson,"2,398",13.1
Texas,Burnet,"4,598",9.5
Texas,Caldwell,"5,373",12.7
Texas,Calhoun,"2,565",12.4
Texas,Callahan,"1,698",12.2
Texas,Cameron,"102,649",24.4
Texas,Camp,"2,167",16.7
Texas,Carson,483,8.3
Texas,Cass,"5,205",17.7
Texas,Castro,"1,121",15.3
Texas,Chambers,"4,224",9.3
Texas,Cherokee,"8,336",16.7
Texas,Childress,"1,156",21.4
Texas,Clay,"1,156",11.1
Texas,Cochran,546,19.2
Texas,Coke,373,11.4
Texas,Coleman,"1,291",16.0
Texas,Collin,"65,922",6.2
Texas,Collingsworth,476,16.9
Texas,Colorado,"2,706",12.7
Texas,Comal,"12,293",7.5
Texas,Comanche,"2,157",15.9
Texas,Concho,374,13.5
Texas,Cooke,"4,589",11.3
Texas,Coryell,"8,083",12.7
Texas,Cottle,243,17.9
Texas,Crane,421,9.0
Texas,Crockett,431,12.4
Texas,Crosby,"1,087",19.8
Texas,Culberson,397,18.6
Texas,Dallam,798,11.1
Texas,Dallas,"357,084",13.7
Texas,Dawson,"2,126",18.7
Texas,Deaf Smith,"2,791",15.5
Texas,Delta,753,14.3
Texas,Denton,"62,596",6.9
Texas,DeWitt,"3,761",20.5
Texas,Dickens,344,18.9
Texas,Dimmit,"2,501",25.5
Texas,Donley,502,16.3
Texas,Duval,"2,087",20.0
Texas,Eastland,"2,998",17.0
Texas,Ector,"22,439",13.6
Texas,Edwards,366,19.1
Texas,Ellis,"14,973",7.9
Texas,El Paso,"145,103",17.6
Texas,Erath,"5,006",12.6
Texas,Falls,"3,056",20.0
Texas,Fannin,"5,075",15.4
Texas,Fayette,"2,369",9.4
Texas,Fisher,501,13.3
Texas,Floyd,995,17.7
Texas,Foard,184,16.8
Texas,Fort Bend,"61,776",7.4
Texas,Franklin,"1,384",12.9
Texas,Freestone,"2,421",13.3
Texas,Frio,"3,776",22.3
Texas,Gaines,"2,421",11.1
Texas,Galveston,"33,751",9.9
Texas,Garza,898,20.6
Texas,Gillespie,"2,450",9.2
Texas,Glasscock,105,7.3
Texas,Goliad,993,13.2
Texas,Gonzales,"2,947",14.3
Texas,Gray,"2,797",14.2
Texas,Grayson,"18,505",13.6
Texas,Gregg,"21,845",18.1
Texas,Grimes,"4,081",15.3
Texas,Guadalupe,"14,311",8.5
Texas,Hale,"5,321",17.6
Texas,Hall,537,18.6
Texas,Hamilton,"1,234",14.7
Texas,Hansford,558,10.7
Texas,Hardeman,600,15.0
Texas,Hardin,"6,032",10.4
Texas,Harris,"747,146",15.9
Texas,Harrison,"10,136",15.6
Texas,Hartley,409,9.5
Texas,Haskell,"1,041",20.0
Texas,Hays,"22,434",9.6
Texas,Hemphill,354,9.5
Texas,Henderson,"11,681",14.2
Texas,Hidalgo,"207,104",23.9
Texas,Hill,"5,078",14.0
Texas,Hockley,"2,841",12.9
Texas,Hood,"5,919",9.4
Texas,Hopkins,"4,652",12.7
Texas,Houston,"4,040",20.0
Texas,Howard,"4,821",15.7
Texas,Hudspeth,"1,163",24.2
Texas,Hunt,"12,240",12.6
Texas,Hutchinson,"2,455",12.1
Texas,Irion,107,6.9
Texas,Jack,"1,075",13.6
Texas,Jackson,"1,849",12.7
Texas,Jasper,"5,960",17.3
Texas,Jeff Davis,474,22.2
Texas,Jefferson,"42,858",18.3
Texas,Jim Hogg,"1,035",20.1
Texas,Jim Wells,"8,051",20.1
Texas,Johnson,"16,676",9.5
Texas,Jones,"2,892",19.5
Texas,Karnes,"2,254",17.5
Texas,Kaufman,"12,958",9.2
Texas,Kendall,"3,233",6.7
Texas,Kenedy,41,10.8
Texas,Kent,82,11.3
Texas,Kerr,"5,927",11.6
Texas,Kimble,687,15.7
Texas,King,35,12.4
Texas,Kinney,597,17.9
Texas,Kleberg,"6,030",20.8
Texas,Knox,582,16.3
Texas,Lamar,"9,653",19.6
Texas,Lamb,"2,200",17.6
Texas,Lampasas,"2,159",10.0
Texas,La Salle,"1,402",24.0
Texas,Lavaca,"2,086",10.6
Texas,Lee,"1,798",10.6
Texas,Leon,"2,395",13.8
Texas,Liberty,"12,444",14.4
Texas,Limestone,"3,647",16.8
Texas,Lipscomb,348,11.3
Texas,Live Oak,"1,893",17.0
Texas,Llano,"2,384",10.9
Texas,Loving,7,3.9
Texas,Lubbock,"47,957",15.8
Texas,Lynn,860,14.4
Texas,McCulloch,"1,243",16.2
Texas,McLennan,"42,552",17.0
Texas,McMullen,69,9.7
Texas,Madison,"2,069",17.4
Texas,Marion,"1,957",20.0
Texas,Martin,643,11.1
Texas,Mason,424,9.8
Texas,Matagorda,"6,286",17.3
Texas,Maverick,"11,439",20.0
Texas,Medina,"5,600",11.2
Texas,Menard,398,19.1
Texas,Midland,"17,070",9.7
Texas,Milam,"4,208",17.4
Texas,Mills,675,14.4
Texas,Mitchell,"1,259",18.7
Texas,Montague,"2,449",12.4
Texas,Montgomery,"51,122",8.2
Texas,Moore,"2,160",10.6
Texas,Morris,"2,085",17.0
Texas,Motley,192,16.3
Texas,Nacogdoches,"11,695",19.5
Texas,Navarro,"7,383",14.8
Texas,Newton,"2,699",21.3
Texas,Nolan,"2,480",17.2
Texas,Nueces,"62,210",17.5
Texas,Ochiltree,876,9.2
Texas,Oldham,264,14.0
Texas,Orange,"12,368",15.1
Texas,Palo Pinto,"4,023",13.9
Texas,Panola,"3,494",15.3
Texas,Parker,"11,729",8.0
Texas,Parmer,"1,147",12.2
Texas,Pecos,"2,253",16.5
Texas,Polk,"7,282",15.0
Texas,Potter,"22,745",20.8
Texas,Presidio,"1,261",19.4
Texas,Rains,"1,687",13.6
Texas,Randall,"13,225",9.6
Texas,Reagan,316,8.3
Texas,Real,545,16.4
Texas,Red River,"1,851",15.7
Texas,Reeves,"2,424",19.0
Texas,Refugio,"1,030",15.3
Texas,Roberts,52,6.4
Texas,Robertson,"2,414",14.2
Texas,Rockwall,"5,214",4.8
Texas,Runnels,"1,461",14.3
Texas,Rusk,"6,809",14.2
Texas,Sabine,"1,664",16.0
Texas,San Augustine,"1,576",19.6
Texas,San Jacinto,"4,692",16.1
Texas,San Patricio,"9,855",14.8
Texas,San Saba,932,17.4
Texas,Schleicher,364,13.2
Texas,Scurry,"2,077",13.8
Texas,Shackelford,410,12.5
Texas,Shelby,"4,447",18.0
Texas,Sherman,338,11.3
Texas,Smith,"29,150",12.7
Texas,Somervell,743,8.3
Texas,Starr,"15,985",25.2
Texas,Stephens,"1,349",15.6
Texas,Sterling,130,10.2
Texas,Stonewall,189,14.3
Texas,Sutton,435,11.7
Texas,Swisher,"1,310",19.6
Texas,Tarrant,"220,041",10.5
Texas,Taylor,"16,436",12.2
Texas,Terrell,98,14.0
Texas,Terry,"2,060",18.5
Texas,Throckmorton,201,13.5
Texas,Titus,"4,630",14.3
Texas,Tom Green,"13,885",12.0
Texas,Travis,"129,969",10.2
Texas,Trinity,"2,477",16.8
Texas,Tyler,"3,724",18.9
Texas,Upshur,"5,243",12.6
Texas,Upton,430,12.1
Texas,Uvalde,"4,984",19.0
Texas,Val Verde,"7,332",15.6
Texas,Van Zandt,"7,302",12.9
Texas,Victoria,"14,859",16.5
Texas,Walker,"9,987",18.0
Texas,Waller,"6,689",12.6
Texas,Ward,"1,170",9.8
Texas,Washington,"3,937",11.7
Texas,Webb,"54,564",19.9
Texas,Wharton,"5,675",13.8
Texas,Wheeler,662,13.5
Texas,Wichita,"19,233",16.0
Texas,Wilbarger,"1,784",14.6
Texas,Willacy,"4,393",24.7
Texas,Williamson,"34,425",5.6
Texas,Wilson,"4,847",9.4
Texas,Winkler,918,11.8
Texas,Wise,"6,982",10.0
Texas,Wood,"6,015",13.5
Texas,Yoakum,934,10.8
Texas,Young,"2,610",14.8
Texas,Zapata,"3,471",24.6
Texas,Zavala,"3,094",27.2
Utah,Beaver,514,7.7
Utah,Box Elder,"3,817",6.8
Utah,Cache,"11,607",9.2
Utah,Carbon,"2,590",12.8
Utah,Daggett,67,6.5
Utah,Davis,"17,794",5.0
Utah,Duchesne,"2,076",10.6
Utah,Emery,938,9.3
Utah,Garfield,474,9.7
Utah,Grand,"1,015",10.4
Utah,Iron,"7,593",13.7
Utah,Juab,926,7.7
Utah,Kane,690,9.0
Utah,Millard,"1,409",10.7
Utah,Morgan,460,3.7
Utah,Piute,219,15.3
Utah,Rich,205,8.4
Utah,Salt Lake,"79,980",7.0
Utah,San Juan,"2,782",18.6
Utah,Sanpete,"4,030",14.1
Utah,Sevier,"2,156",10.0
Utah,Summit,"1,922",4.5
Utah,Tooele,"4,224",5.7
Utah,Uintah,"3,853",10.8
Utah,Utah,"49,771",7.8
Utah,Wasatch,"1,636",4.7
Utah,Washington,"12,615",6.9
Utah,Wayne,310,11.2
Utah,Weber,"18,994",7.3
Vermont,Addison,"2,865",8.4
Vermont,Bennington,"3,536",10.4
Vermont,Caledonia,"3,145",11.0
Vermont,Chittenden,"13,194",8.5
Vermont,Essex,775,12.7
Vermont,Franklin,"4,345",8.9
Vermont,Grand Isle,528,7.4
Vermont,Lamoille,"1,990",8.1
Vermont,Orange,"2,722",9.6
Vermont,Orleans,"2,765",10.6
Vermont,Rutland,"6,659",12.0
Vermont,Washington,"4,454",8.0
Vermont,Windham,"4,619",11.3
Vermont,Windsor,"4,683",8.6
Virginia,Accomack,"5,617",17.6
Virginia,Albemarle,"6,602",6.3
Virginia,Alleghany,"1,681",11.7
Virginia,Amelia,"1,155",9.0
Virginia,Amherst,"3,435",11.2
Virginia,Appomattox,"2,010",12.6
Virginia,Arlington,"14,273",6.0
Virginia,Augusta,"6,074",8.3
Virginia,Bath,455,11.2
Virginia,Bedford,"5,417",6.8
Virginia,Bland,674,12.1
Virginia,Botetourt,"2,193",6.6
Virginia,Brunswick,"2,785",20.2
Virginia,Buchanan,"4,642",23.7
Virginia,Buckingham,"2,519",16.8
Virginia,Campbell,"4,874",8.9
Virginia,Caroline,"2,950",9.8
Virginia,Carroll,"3,945",13.2
Virginia,Charles City,676,9.9
Virginia,Charlotte,"2,001",17.2
Virginia,Chesterfield,"23,305",6.6
Virginia,Clarke,894,6.2
Virginia,Craig,525,10.4
Virginia,Culpeper,"4,415",8.5
Virginia,Cumberland,"1,337",13.5
Virginia,Dickenson,"2,615",19.3
Virginia,Dinwiddie,"3,117",11.1
Virginia,Essex,"1,325",12.3
Virginia,Fairfax,"59,990",5.3
Virginia,Fauquier,"4,270",6.0
Virginia,Floyd,"1,708",10.9
Virginia,Fluvanna,"1,768",6.8
Virginia,Franklin,"6,320",11.5
Virginia,Frederick,"6,658",7.4
Virginia,Giles,"1,757",10.7
Virginia,Gloucester,"2,931",7.9
Virginia,Goochland,"1,351",5.8
Virginia,Grayson,"2,346",16.2
Virginia,Greene,"1,606",8.1
Virginia,Greensville,"1,683",21.5
Virginia,Halifax,"5,854",17.8
Virginia,Hanover,"5,266",5.0
Virginia,Henrico,"27,328",8.3
Virginia,Henry,"6,385",12.9
Virginia,Highland,267,12.2
Virginia,Isle of Wight,"2,845",7.6
Virginia,James City,"4,937",6.5
Virginia,King and Queen,767,11.1
Virginia,King George,"1,611",6.0
Virginia,King William,"1,083",6.2
Virginia,Lancaster,"1,078",10.3
Virginia,Lee,"5,667",26.0
Virginia,Loudoun,"13,241",3.2
Virginia,Louisa,"3,014",7.9
Virginia,Lunenburg,"1,847",16.5
Virginia,Madison,"1,241",9.4
Virginia,Mathews,738,8.5
Virginia,Mecklenburg,"4,572",15.4
Virginia,Middlesex,"1,181",11.6
Virginia,Montgomery,"17,059",19.3
Virginia,Nelson,"1,571",10.7
Virginia,New Kent,"1,071",4.6
Virginia,Northampton,"1,854",16.2
Virginia,Northumberland,"1,487",12.3
Virginia,Nottoway,"2,470",19.2
Virginia,Orange,"3,477",9.4
Virginia,Page,"2,682",11.3
Virginia,Patrick,"2,435",14.2
Virginia,Pittsylvania,"8,227",14.0
Virginia,Powhatan,"1,523",5.3
Virginia,Prince Edward,"4,470",23.6
Virginia,Prince George,"2,853",8.2
Virginia,Prince William,"22,884",4.9
Virginia,Pulaski,"4,111",12.5
Virginia,Rappahannock,645,8.9
Virginia,Richmond,"1,179",16.0
Virginia,Roanoke,"5,499",6.0
Virginia,Rockbridge,"2,333",10.5
Virginia,Rockingham,"6,681",8.3
Virginia,Russell,"4,278",16.2
Virginia,Scott,"3,654",17.6
Virginia,Shenandoah,"4,366",10.1
Virginia,Smyth,"4,467",15.2
Virginia,Southampton,"2,006",12.5
Virginia,Spotsylvania,"9,039",6.6
Virginia,Stafford,"8,148",5.4
Virginia,Surry,738,11.6
Virginia,Sussex,"1,579",18.9
Virginia,Tazewell,"6,357",16.4
Virginia,Warren,"4,008",10.1
Virginia,Washington,"6,856",13.2
Virginia,Westmoreland,"2,332",12.9
Virginia,Wise,"6,984",20.3
Virginia,Wythe,"3,400",12.0
Virginia,York,"3,239",4.7
Virginia,Alexandria city,"12,537",8.0
Virginia,Bristol city,"2,948",17.2
Virginia,Buena Vista city,824,14.0
Virginia,Charlottesville city,"7,088",15.8
Virginia,Chesapeake city,"18,288",7.6
Virginia,Colonial Heights city,"1,483",8.7
Virginia,Covington city,817,14.8
Virginia,Danville city,"8,468",22.1
Virginia,Emporia city,959,19.1
Virginia,Fairfax city,"1,639",7.2
Virginia,Falls Church city,488,3.3
Virginia,Franklin city,"1,392",18.1
Virginia,Fredericksburg city,"3,279",12.2
Virginia,Galax city,"1,125",18.8
Virginia,Hampton city,"17,494",13.4
Virginia,Harrisonburg city,"10,113",22.2
Virginia,Hopewell city,"3,823",17.4
Virginia,Lexington city,838,18.5
Virginia,Lynchburg city,"10,926",15.5
Virginia,Manassas city,"3,196",7.9
Virginia,Manassas Park city,"1,194",6.7
Virginia,Martinsville city,"2,556",21.3
Virginia,Newport News city,"24,839",14.5
Virginia,Norfolk city,"36,765",17.6
Virginia,Norton city,805,20.5
Virginia,Petersburg city,"6,227",20.8
Virginia,Poquoson city,571,4.7
Virginia,Portsmouth city,"14,093",15.3
Virginia,Radford city,"3,633",24.6
Virginia,Richmond city,"39,609",17.9
Virginia,Roanoke city,"15,511",15.9
Virginia,Salem city,"2,087",9.0
Virginia,Staunton city,"2,987",12.3
Virginia,Suffolk city,"8,330",9.0
Virginia,Virginia Beach city,"35,860",8.1
Virginia,Waynesboro city,"2,556",11.3
Virginia,Williamsburg city,"1,847",16.8
Virginia,Winchester city,"3,501",13.2
Washington,Adams,"2,515",12.7
Washington,Asotin,"3,176",14.1
Washington,Benton,"18,527",9.1
Washington,Chelan,"6,350",8.3
Washington,Clallam,"10,194",13.3
Washington,Clark,"42,918",8.7
Washington,Columbia,502,12.6
Washington,Cowlitz,"13,101",11.9
Washington,Douglas,"4,539",10.5
Washington,Ferry,"1,415",18.4
Washington,Franklin,"11,608",12.4
Washington,Garfield,257,11.4
Washington,Grant,"13,339",13.6
Washington,Grays Harbor,"11,045",15.1
Washington,Island,"5,487",6.5
Washington,Jefferson,"3,391",10.6
Washington,King,"169,478",7.6
Washington,Kitsap,"21,851",8.3
Washington,Kittitas,"5,962",12.9
Washington,Klickitat,"3,150",14.0
Washington,Lewis,"10,817",13.3
Washington,Lincoln,"1,254",11.4
Washington,Mason,"8,232",12.6
Washington,Okanogan,"8,306",19.8
Washington,Pacific,"3,094",13.6
Washington,Pend Oreille,"2,054",14.7
Washington,Pierce,"77,361",8.7
Washington,San Juan,"1,667",9.6
Washington,Skagit,"12,300",9.5
Washington,Skamania,"1,278",10.6
Washington,Snohomish,"57,832",7.1
Washington,Spokane,"69,001",13.4
Washington,Stevens,"6,881",15.0
Washington,Thurston,"28,058",9.7
Washington,Wahkiakum,478,10.7
Washington,Walla Walla,"7,320",12.9
Washington,Whatcom,"26,423",11.7
Washington,Whitman,"6,713",15.7
Washington,Yakima,"36,781",14.8
West Virginia,Barbour,"3,221",20.8
West Virginia,Berkeley,"12,137",10.0
West Virginia,Boone,"3,700",17.8
West Virginia,Braxton,"2,356",17.8
West Virginia,Brooke,"2,502",11.9
West Virginia,Cabell,"17,499",19.9
West Virginia,Calhoun,"1,380",20.0
West Virginia,Clay,"1,920",23.3
West Virginia,Doddridge,"1,229",17.0
West Virginia,Fayette,"8,352",20.8
West Virginia,Gilmer,"1,384",23.0
West Virginia,Grant,"1,508",13.3
West Virginia,Greenbrier,"5,987",17.8
West Virginia,Hampshire,"3,118",13.7
West Virginia,Hancock,"3,380",12.0
West Virginia,Hardy,"1,824",13.5
West Virginia,Harrison,"8,940",13.6
West Virginia,Jackson,"4,000",14.2
West Virginia,Jefferson,"4,392",7.8
West Virginia,Kanawha,"27,150",15.7
West Virginia,Lewis,"2,152",13.9
West Virginia,Lincoln,"4,093",20.6
West Virginia,Logan,"6,875",22.3
West Virginia,McDowell,"5,325",31.8
West Virginia,Marion,"7,210",13.2
West Virginia,Marshall,"4,042",13.7
West Virginia,Mason,"4,378",17.1
West Virginia,Mercer,"8,583",15.1
West Virginia,Mineral,"3,608",13.8
West Virginia,Mingo,"5,676",24.9
West Virginia,Monongalia,"15,281",15.2
West Virginia,Monroe,"2,012",15.3
West Virginia,Morgan,"1,938",11.0
West Virginia,Nicholas,"4,569",19.0
West Virginia,Ohio,"7,041",18.1
West Virginia,Pendleton,784,11.5
West Virginia,Pleasants,875,13.0
West Virginia,Pocahontas,"1,418",18.1
West Virginia,Preston,"4,940",15.7
West Virginia,Putnam,"5,520",9.9
West Virginia,Raleigh,"15,070",21.8
West Virginia,Randolph,"3,936",15.2
West Virginia,Ritchie,"1,531",16.4
West Virginia,Roane,"2,756",20.7
West Virginia,Summers,"2,413",21.1
West Virginia,Taylor,"2,213",13.7
West Virginia,Tucker,912,13.8
West Virginia,Tyler,"1,216",14.4
West Virginia,Upshur,"3,913",17.1
West Virginia,Wayne,"6,644",17.1
West Virginia,Webster,"1,890",23.7
West Virginia,Wetzel,"2,342",15.9
West Virginia,Wirt,"1,023",18.0
West Virginia,Wood,"11,757",14.4
West Virginia,Wyoming,"4,260",21.3
Wisconsin,Adams,"2,389",12.3
Wisconsin,Ashland,"1,845",12.5
Wisconsin,Barron,"4,466",10.0
Wisconsin,Bayfield,"1,655",11.0
Wisconsin,Brown,"21,896",8.5
Wisconsin,Buffalo,"1,037",8.0
Wisconsin,Burnett,"1,644",10.7
Wisconsin,Calumet,"2,267",4.5
Wisconsin,Chippewa,"5,805",9.4
Wisconsin,Clark,"4,471",13.1
Wisconsin,Columbia,"3,873",6.9
Wisconsin,Crawford,"2,026",13.3
Wisconsin,Dane,"51,956",9.6
Wisconsin,Dodge,"5,822",7.2
Wisconsin,Door,"2,159",7.8
Wisconsin,Douglas,"4,236",10.0
Wisconsin,Dunn,"4,267",10.1
Wisconsin,Eau Claire,"9,830",9.8
Wisconsin,Florence,447,10.6
Wisconsin,Fond du Lac,"7,562",7.6
Wisconsin,Forest,"1,055",12.0
Wisconsin,Grant,"5,616",12.0
Wisconsin,Green,"2,666",7.4
Wisconsin,Green Lake,"1,819",9.7
Wisconsin,Iowa,"1,695",7.2
Wisconsin,Iron,624,11.2
Wisconsin,Jackson,"2,460",12.7
Wisconsin,Jefferson,"6,003",7.3
Wisconsin,Juneau,"3,049",11.9
Wisconsin,Kenosha,"18,137",11.0
Wisconsin,Kewaunee,"1,355",6.7
Wisconsin,La Crosse,"11,307",10.0
Wisconsin,Lafayette,"1,458",8.8
Wisconsin,Langlade,"2,012",10.7
Wisconsin,Lincoln,"2,062",7.7
Wisconsin,Manitowoc,"6,126",7.9
Wisconsin,Marathon,"8,986",6.7
Wisconsin,Marinette,"3,738",9.4
Wisconsin,Marquette,"1,594",10.3
Wisconsin,Menominee,"1,012",22.6
Wisconsin,Milwaukee,"175,538",19.0
Wisconsin,Monroe,"4,767",10.5
Wisconsin,Oconto,"2,897",7.6
Wisconsin,Oneida,"2,749",7.8
Wisconsin,Outagamie,"12,271",6.6
Wisconsin,Ozaukee,"3,786",4.3
Wisconsin,Pepin,654,9.1
Wisconsin,Pierce,"2,901",7.3
Wisconsin,Polk,"3,835",8.9
Wisconsin,Portage,"5,633",8.3
Wisconsin,Price,"1,459",11.2
Wisconsin,Racine,"17,971",9.4
Wisconsin,Richland,"2,282",13.4
Wisconsin,Rock,"14,946",9.3
Wisconsin,Rusk,"1,619",11.7
Wisconsin,St. Croix,"4,421",4.9
Wisconsin,Sauk,"5,151",8.1
Wisconsin,Sawyer,"2,013",12.3
Wisconsin,Shawano,"4,147",10.3
Wisconsin,Sheboygan,"8,529",7.6
Wisconsin,Taylor,"1,920",9.6
Wisconsin,Trempealeau,"2,140",7.3
Wisconsin,Vernon,"3,642",11.9
Wisconsin,Vilas,"2,136",9.7
Wisconsin,Walworth,"8,418",8.3
Wisconsin,Washburn,"1,615",10.4
Wisconsin,Washington,"6,937",5.1
Wisconsin,Waukesha,"16,952",4.2
Wisconsin,Waupaca,"3,920",8.0
Wisconsin,Waushara,"2,417",10.5
Wisconsin,Winnebago,"14,219",8.7
Wisconsin,Wood,"6,732",9.4
Wyoming,Albany,"5,635",15.3
Wyoming,Big Horn,"1,311",11.5
Wyoming,Campbell,"3,340",7.3
Wyoming,Carbon,"1,453",10.4
Wyoming,Converse,"1,120",8.2
Wyoming,Crook,551,7.3
Wyoming,Fremont,"5,772",15.0
Wyoming,Goshen,"1,535",12.8
Wyoming,Hot Springs,473,10.9
Wyoming,Johnson,757,8.9
Wyoming,Laramie,"7,242",7.4
Wyoming,Lincoln,"1,395",6.9
Wyoming,Natrona,"7,420",9.4
Wyoming,Niobrara,255,12.6
Wyoming,Park,"2,368",8.2
Wyoming,Platte,835,9.9
Wyoming,Sheridan,"2,839",9.5
Wyoming,Sublette,610,6.2
Wyoming,Sweetwater,"3,187",7.6
Wyoming,Teton,"1,207",5.2
Wyoming,Uinta,"1,697",8.5
Wyoming,Washakie,739,9.7
Wyoming,Weston,679,10.6
